Р О З К Л А Д ;Р О З К Л А Д ;Р О З К Л А Д ;Р О З К Л А Д ;Р О З К Л А Д ;Р О З К Л А Д ;Р О З К Л А Д ;;;;;;;;
занять факультету управління, адміністрування та інформаційної діяльності;занять факультету управління, адміністрування та інформаційної діяльності;занять факультету управління, адміністрування та інформаційної діяльності;занять факультету управління, адміністрування та інформаційної діяльності;занять факультету управління, адміністрування та інформаційної діяльності;занять факультету управління, адміністрування та інформаційної діяльності;занять факультету управління, адміністрування та інформаційної діяльності;;;;;;;;
Дні;Пари;11 група;12 група+         16 група;13 група;14 група;15 група;;;;;;;;
Дні;Пари;Трудове навчання та технології;Інформатика +Прикладна математика;Економіка та упраління підприємством;Туризм;Документознавство;;;;;;;;
ПОНЕДІЛОК    12.09;1;;;;Рекреалогія               доц.ТодоровВ.І.;;;;;;;;;
ПОНЕДІЛОК    12.09;2;В  с  т  у  п             д  о             с  п  е  ц  і  а  л  ь  н  о  с  т  і     (+ФУФСН)                                                                              доц.Дроздов В.В.;В  с  т  у  п             д  о             с  п  е  ц  і  а  л  ь  н  о  с  т  і     (+ФУФСН)                                                                              доц.Дроздов В.В.;В  с  т  у  п             д  о             с  п  е  ц  і  а  л  ь  н  о  с  т  і     (+ФУФСН)                                                                              доц.Дроздов В.В.;В  с  т  у  п             д  о             с  п  е  ц  і  а  л  ь  н  о  с  т  і     (+ФУФСН)                                                                              доц.Дроздов В.В.;В  с  т  у  п             д  о             с  п  е  ц  і  а  л  ь  н  о  с  т  і     (+ФУФСН)                                                                              доц.Дроздов В.В.;;;;;;;;
ПОНЕДІЛОК    12.09;3;;Лінійна алгебра та анал. геометрія викл. Щоголева Т.М.;Поліекономія                 доц.Криворак А.Д.;Географія туризму                доц. Тодоров В.І.;Інформатика, комп.техн. та ПЗ  викл.Кожухар Ж.В.;;;;;;;;
ПОНЕДІЛОК    12.09;4;;;Математика для економ.                     викл. Щоголєва Т.М.;Вступ до фаху                        викл. Шевченко-Перепьолкіна Р.І.;Основи наукових досліджень             викл.Кожухар Ж.В.;;;;;;;;
ПОНЕДІЛОК    12.09;5;;;;;;;;;;;;;
ВІВТОРОК   13.09;1;І с т о р і я  т а  к у л ь т у р а  У к р а ї н и     (+ФУФСН)                викл. Башли М.І.;І с т о р і я  т а  к у л ь т у р а  У к р а ї н и     (+ФУФСН)                викл. Башли М.І.;І с т о р і я  т а  к у л ь т у р а  У к р а ї н и     (+ФУФСН)                викл. Башли М.І.;І с т о р і я  т а  к у л ь т у р а  У к р а ї н и     (+ФУФСН)                викл. Башли М.І.;І с т о р і я  т а  к у л ь т у р а  У к р а ї н и     (+ФУФСН)                викл. Башли М.І.;;;;;;;;
ВІВТОРОК   13.09;2;Фізична культура та основи здоров`я людини доц.Ярчук Г.В., доц.Мельничук І.П.;Фізична культура та основи здоров`я людини доц.Ярчук Г.В., доц.Мельничук І.П.;Фізична культура та основи здоров`я людини доц.Ярчук Г.В., доц.Мельничук І.П.;Фізична культура та основи здоров`я людини доц.Ярчук Г.В., доц.Мельничук І.П.;Фізична культура та основи здоров`я людини доц.Ярчук Г.В., доц.Мельничук І.П.;;;;;;;;
ВІВТОРОК   13.09;3;;;;Географія туризму                доц. Тодоров В.І.;Матем.основи інформ.                   викл. Щоголева Т.М.;;;;;;;;
ВІВТОРОК   13.09;4;;Лінійна алгебра та анал. геометрія викл. Щоголева Т.М.;;Вступ до фаху                        викл. Шевченко-Перепьолкіна Р.І.;Інформатика, комп.техн. та ПЗ  викл.Кожухар Ж.В.;;;;;;;;
ВІВТОРОК   13.09;5;Спеціальна медична група             доц.Мельничук І.П.;Спеціальна медична група             доц.Мельничук І.П.;Спеціальна медична група             доц.Мельничук І.П.;Спеціальна медична група             доц.Мельничук І.П.;Спеціальна медична група             доц.Мельничук І.П.;;;;;;;;
СЕРЕДА          14.09;1;А н г л і й с ь к а  м о в а ;А н г л і й с ь к а  м о в а ;А н г л і й с ь к а  м о в а ;А н г л і й с ь к а  м о в а ;А н г л і й с ь к а  м о в а ;;;;;;;;
СЕРЕДА          14.09;2;Вища математика викл. Щоголева Т.М.;;Поліекономія                 доц.Криворак А.Д.;Рекреалогія               доц.ТодоровВ.І.;Інформатика, комп.техн. та ПЗ  викл.Кожухар Ж.В.;;;;;;;;
СЕРЕДА          14.09;3;У к р а ї н с ь к а   м о в а    (+ФУФСН)           доц.Мєдвєдєва О.Ю.;У к р а ї н с ь к а   м о в а    (+ФУФСН)           доц.Мєдвєдєва О.Ю.;У к р а ї н с ь к а   м о в а    (+ФУФСН)           доц.Мєдвєдєва О.Ю.;У к р а ї н с ь к а   м о в а    (+ФУФСН)           доц.Мєдвєдєва О.Ю.;У к р а ї н с ь к а   м о в а    (+ФУФСН)           доц.Мєдвєдєва О.Ю.;;;;;;;;
СЕРЕДА          14.09;4;Психологія                доц.Терещук Р.К. (+ФУФСН+ІНФАК);Психологія                доц.Терещук Р.К. (+ФУФСН+ІНФАК);;Географія туризму                доц. Тодоров В.І.;;;;;;;;;
СЕРЕДА          14.09;5;;;;;;;;;;;;;
ЧЕТВЕР           15.09;1;;;;Географія туризму                доц. Тодоров В.І.;;;;;;;;;
ЧЕТВЕР           15.09;2;;;Математика для економ.                     викл. Щоголєва Т.М.;Рекреалогія               доц.ТодоровВ.І.;Основи наукових досліджень             викл.Кожухар Ж.В.;;;;;;;;
ЧЕТВЕР           15.09;3;Психологія                доц.Терещук Р.К. (+ФУФСН+ІНФАК);Психологія                доц.Терещук Р.К. (+ФУФСН+ІНФАК);Поліекономія                 доц.Криворак А.Д.;;Матем.основи інформ.                   викл. Щоголева Т.М.;;;;;;;;
ЧЕТВЕР           15.09;4;;;;;;;;;;;;;
ЧЕТВЕР           15.09;5;;;;;;;;;;;;;
П'ЯТНИЦЯ      16.09;1;І с т о р і я  т а  к у л ь т у р а  У к р а ї н и     (+ФУФСН)                викл. Башли М.І.;І с т о р і я  т а  к у л ь т у р а  У к р а ї н и     (+ФУФСН)                викл. Башли М.І.;І с т о р і я  т а  к у л ь т у р а  У к р а ї н и     (+ФУФСН)                викл. Башли М.І.;І с т о р і я  т а  к у л ь т у р а  У к р а ї н и     (+ФУФСН)                викл. Башли М.І.;І с т о р і я  т а  к у л ь т у р а  У к р а ї н и     (+ФУФСН)                викл. Башли М.І.;;;;;;;;
П'ЯТНИЦЯ      16.09;2;Вища математика викл. Щоголева Т.М.;;;;;;;;;;;;
П'ЯТНИЦЯ      16.09;3;У к р а ї н с ь к а  м о в а    (+ФУФСН)           доц.Мєдвєдєва О.Ю.;У к р а ї н с ь к а  м о в а    (+ФУФСН)           доц.Мєдвєдєва О.Ю.;У к р а ї н с ь к а  м о в а    (+ФУФСН)           доц.Мєдвєдєва О.Ю.;У к р а ї н с ь к а  м о в а    (+ФУФСН)           доц.Мєдвєдєва О.Ю.;У к р а ї н с ь к а  м о в а    (+ФУФСН)           доц.Мєдвєдєва О.Ю.;;;;;;;;
П'ЯТНИЦЯ      16.09;4;А н г л і й с ь к а   м о в а ;А н г л і й с ь к а   м о в а ;А н г л і й с ь к а   м о в а ;А н г л і й с ь к а   м о в а ;А н г л і й с ь к а   м о в а ;;;;;;;;
П'ЯТНИЦЯ      16.09;5;;;;;;;;;;;;;
Декан факультету _____________доц. Мізюк В.А.;Декан факультету _____________доц. Мізюк В.А.;Декан факультету _____________доц. Мізюк В.А.;Декан факультету _____________доц. Мізюк В.А.;Декан факультету _____________доц. Мізюк В.А.;Декан факультету _____________доц. Мізюк В.А.;Декан факультету _____________доц. Мізюк В.А.;;;;;;;;
Р О З К Л А Д ;Р О З К Л А Д ;Р О З К Л А Д ;Р О З К Л А Д ;Р О З К Л А Д ;Р О З К Л А Д ;Р О З К Л А Д ;;;;;;;;
занять факультету управління, адміністрування та інформаційної діяльності;занять факультету управління, адміністрування та інформаційної діяльності;занять факультету управління, адміністрування та інформаційної діяльності;занять факультету управління, адміністрування та інформаційної діяльності;занять факультету управління, адміністрування та інформаційної діяльності;занять факультету управління, адміністрування та інформаційної діяльності;занять факультету управління, адміністрування та інформаційної діяльності;;;;;;;;
Дні;Пари;212група;22 група;23 група;24 група;25 група;;;;;;;;
Дні;Пари;Тех. освіта (інформатика);Інформатика ;Економіка підприємства;Туризм;Документознавство;;;;;;;;
ПОНЕДІЛОК    12.09;1;Креслення                                                       викл.Тришин В.В.;Комп.мережі викл. Коваленко О.В.;Математика для економ.                     доц. Івлієва О.М.;;Менеджмент викл.ГилкаУ.Л.;;;;;;;;
ПОНЕДІЛОК    12.09;2;Філософія                  доц.Долголенко І.А.;Педагогічне оцінювання та моніторинг викл.ЛунгуЛ.В.;Економіка підприємства доц.Сорока Л.М.;Вища матем.                      доц. Івлієва О.М.;;;;;;;;;
ПОНЕДІЛОК    12.09;3;;Філософія                  доц.Долголенко І.А.;Філософія                  доц.Долголенко І.А.;Філософія                  доц.Долголенко І.А.;Філософія                  доц.Долголенко І.А.;;;;;;;;
ПОНЕДІЛОК    12.09;4;;;;;;;;;;;;;
ПОНЕДІЛОК    12.09;5;;;;;;;;;;;;;
ВІВТОРОК   13.09;1;ТОІ та ІКТ                              викл. Дмитрієва М.В.;Комп.мережі та Інтернет                    викл. Коваленко О.В.;Основи наукових досліджень                                  доц.Криворак А.Д.;Основи наукових досліджень                                  доц.Криворак А.Д.;ППЗ                                 викл. Кожухар Ж.В.;;;;;;;;
ВІВТОРОК   13.09;2;Технічна механіка                  доц. Федорова О.В.;Основи алгоритмізації та мови програмування           викл. Дущенко О.С.;Економіка підприємства доц.Сорока Л.М.;Географія туризму                доц. Тодоров В.І.;Загальне і кадрове діловодство            викл.Башли М.І.;;;;;;;;
ВІВТОРОК   13.09;3;Креслення                                                         викл.Тришин В.В.;;Менеджмент                          викл.Метіль Т.К.;Англ. мова доц.Чуфарлічева А.Ю.;Менеджмент викл.ГилкаУ.Л.;;;;;;;;
ВІВТОРОК   13.09;4;;;;;;;;;;;;;
ВІВТОРОК   13.09;5;;;;;;;;;;;;;
СЕРЕДА        14.09;1;Основи економічної теорії та підприємницької  діяльності (+ФУФСН) викл. Метіль Т.К.;Основи економічної теорії та підприємницької  діяльності (+ФУФСН) викл. Метіль Т.К.;Математика для економ.                     доц. Івлієва О.М.;Географія туризму                доц. Тодоров В.І.;Основи економічної теорії та підприємницької  діяльності (+ФУФСН) викл. Метіль Т.К.;;;;;;;;
СЕРЕДА        14.09;2;Технологічний практикум                   доц. Букатова О.М.;Педагогічне оцінювання та моніторинг викл.ЛунгуЛ.В.;Гроші та кредит викл.Яковенко О.І.;ІКТ                         викл.Дущенко О.С.;Управлінське док-во викл.Башли М.І.;;;;;;;;
СЕРЕДА        14.09;3;Фізична культура та основи здоров`я людини доц.Смакула О.І., доц.Мельничук І.П., викл.Долженко І.В.;Фізична культура та основи здоров`я людини доц.Смакула О.І., доц.Мельничук І.П., викл.Долженко І.В.;Фізична культура та основи здоров`я людини доц.Смакула О.І., доц.Мельничук І.П., викл.Долженко І.В.;Фізична культура та основи здоров`я людини доц.Смакула О.І., доц.Мельничук І.П., викл.Долженко І.В.;Фізична культура та основи здоров`я людини доц.Смакула О.І., доц.Мельничук І.П., викл.Долженко І.В.;;;;;;;;
СЕРЕДА        14.09;4;;Основи алгоритмізації та мови програмування          викл. Дущенко О.С.;Економіка підприємства доц.Сорока Л.М.;;;;;;;;;;
СЕРЕДА        14.09;5;Спеціальна    медична     група           викл.Бочарова Т.В.;Спеціальна    медична     група           викл.Бочарова Т.В.;Спеціальна    медична     група           викл.Бочарова Т.В.;Спеціальна    медична     група           викл.Бочарова Т.В.;Спеціальна    медична     група           викл.Бочарова Т.В.;;;;;;;;
ЧЕТВЕР            15.09;1;Технічна механіка                   доц. Федорова О.В.;;Гроші та кредит викл.Яковенко О.І.;ІКТ                          викл.Дущенко О.С.;;;;;;;;;
ЧЕТВЕР            15.09;2;Ф і л о с о ф і я (+ФУФСН) доц.Запорожченко О.В.;Ф і л о с о ф і я (+ФУФСН) доц.Запорожченко О.В.;Ф і л о с о ф і я (+ФУФСН) доц.Запорожченко О.В.;Ф і л о с о ф і я (+ФУФСН) доц.Запорожченко О.В.;Ф і л о с о ф і я (+ФУФСН) доц.Запорожченко О.В.;;;;;;;;
ЧЕТВЕР            15.09;3;Основи економічної теорії та підприємницької  діяльності (+ФУФСН) викл. Метіль Т.К.;Основи економічної теорії та підприємницької  діяльності (+ФУФСН) викл. Метіль Т.К.;Економіка підприємства доц.Сорока Л.М.;;Основи економічної теорії та підприємницької  діяльності (+ФУФСН) викл. Метіль Т.К.;;;;;;;;
ЧЕТВЕР            15.09;4;ТОІ та ІКТ                             викл. Дмитрієва М.В.;Математ. аналіз                 викл. Щоголєва Т.М.;;;ППЗ                                викл. Кожухар Ж.В.;;;;;;;;
ЧЕТВЕР            15.09;5;;;;;;;;;;;;;
П'ЯТНИЦЯ        16.09;1;Технологічний практикум                   доц. Букатова О.М.;;Основи наукових досліджень                                  доц.Криворак А.Д.;Основи наукових досліджень                                  доц.Криворак А.Д.;Менеджмент викл.ГилкаУ.Л.;;;;;;;;
П'ЯТНИЦЯ        16.09;2;Технологічний практикум                   доц. Букатова О.М.;;Економіка підприємства доц.Сорока Л.М.;ІКТ                          викл.Дущенко О.С.;ППЗ                                викл. Кожухар Ж.В.;;;;;;;;
П'ЯТНИЦЯ        16.09;3;;Математ. аналіз                 викл. Щоголєва Т.М.;Менеджмент                          викл.Метіль Т.К.;Географія туризму                доц. Тодоров В.І.;Управлінське док-во викл.Башли М.І.;;;;;;;;
П'ЯТНИЦЯ        16.09;4;Європейські абриси                                                       проф.Кічук Н.В.;Європейські абриси                                                       проф.Кічук Н.В.;;;Загальне і кадрове діловодство            викл.Башли М.І.;;;;;;;;
П'ЯТНИЦЯ        16.09;5;;;;;;;;;;;;;
Декан факультету _____________доц. Мізюк В.А.;Декан факультету _____________доц. Мізюк В.А.;Декан факультету _____________доц. Мізюк В.А.;Декан факультету _____________доц. Мізюк В.А.;Декан факультету _____________доц. Мізюк В.А.;Декан факультету _____________доц. Мізюк В.А.;Декан факультету _____________доц. Мізюк В.А.;;;;;;;;
Р О З К Л А Д ;Р О З К Л А Д ;Р О З К Л А Д ;Р О З К Л А Д ;Р О З К Л А Д ;Р О З К Л А Д ;Р О З К Л А Д ;Р О З К Л А Д ;;;;;;;
занять факультету управління, адміністрування та інформаційної діяльності;занять факультету управління, адміністрування та інформаційної діяльності;занять факультету управління, адміністрування та інформаційної діяльності;занять факультету управління, адміністрування та інформаційної діяльності;занять факультету управління, адміністрування та інформаційної діяльності;занять факультету управління, адміністрування та інформаційної діяльності;занять факультету управління, адміністрування та інформаційної діяльності;занять факультету управління, адміністрування та інформаційної діяльності;;;;;;;
Дні;Пари;311 група;312 група;321 група;322 група;33 група;34 група;;;;;;;
Дні;Пари;Тех. (основи підпр.);Тех. (інформатика);Інформатика (англ.);Інформатика (освітні вимір.);Економіка підприємства;Туризм;;;;;;;
ПОНЕДІЛОК    12.09;1;Е к о н о м і ч н а  т е о р і я  (+ФУФСН) доц. Криворак А.Д.;Е к о н о м і ч н а  т е о р і я  (+ФУФСН) доц. Криворак А.Д.;Е к о н о м і ч н а  т е о р і я  (+ФУФСН) доц. Криворак А.Д.;Е к о н о м і ч н а  т е о р і я  (+ФУФСН) доц. Криворак А.Д.;Економіко-мат.методи та моделі доц.Сорока Л.М.;Організація туризму викл.Міщук Ж.В.;;;;;;;
ПОНЕДІЛОК    12.09;2;Технічна творчість та естетика                                           доц. Букатова О.М.;Технічна творчість та естетика                                           доц. Букатова О.М.;Прак. курс АМ     доц. Шиляєва Т.В.;Комп.технології в тестування викл.Коваленко О.В.;Економ. підпр. ІІ               викл.Гилка У.Л.;Організація готельного господарства викл.Міщук Ж.В.;;;;;;;
ПОНЕДІЛОК    12.09;3;Фізична культура та основи здоров`я людини                              викл.Бочарова Т.В., викл.Долженко І.В.;Фізична культура та основи здоров`я людини                              викл.Бочарова Т.В., викл.Долженко І.В.;Фізична культура та основи здоров`я людини                              викл.Бочарова Т.В., викл.Долженко І.В.;Фізична культура та основи здоров`я людини                              викл.Бочарова Т.В., викл.Долженко І.В.;Фізична культура та основи здоров`я людини                              викл.Бочарова Т.В., викл.Долженко І.В.;Фізична культура та основи здоров`я людини                              викл.Бочарова Т.В., викл.Долженко І.В.;;;;;;;
ПОНЕДІЛОК    12.09;4;Технічна творчість та естетика                                           доц. Букатова О.М.;Технічна творчість та естетика                                           доц. Букатова О.М.;;;;Болг.мова                     доц.Гончар Н.М.;;;;;;;
ПОНЕДІЛОК    12.09;5;Спеціальна медична група доц.Смакула О.І.;Спеціальна медична група доц.Смакула О.І.;Спеціальна медична група доц.Смакула О.І.;Спеціальна медична група доц.Смакула О.І.;Спеціальна медична група доц.Смакула О.І.;Спеціальна медична група доц.Смакула О.І.;;;;;;;
ВІВТОРОК   13.09;1;Технологічний практикум                                доц. Букатова О.М.;Технологічний практикум                                доц. Букатова О.М.;;;Фінанси                  викл.Гилка У.Л.;;;;;;;;
ВІВТОРОК   13.09;2;Технологічний практикум                                доц. Букатова О.М.;Технологічний практикум                                доц. Букатова О.М.;Програмування викл.Коваленко О.В.;Програмування викл.Коваленко О.В.;Англ.мова викл.Шикиринська О.Б.;Англ. мова доц.Чуфарлічева А.Ю.;;;;;;;
ВІВТОРОК   13.09;3;Технологія виробництва та обробка конструкційних матеріалів                                        доц. Федорова О.В.;Технологія виробництва та обробка конструкційних матеріалів                                        доц. Федорова О.В.;Теорія ймовірності та мат.статистика (+4к)           доц. Івлієва О.М.;Теорія ймовірності та мат.статистика (+4к)           доц. Івлієва О.М.;Економіко-мат.методи та моделі доц.Сорока Л.М.;Болг.мова                     доц.Гончар Н.М.;;;;;;;
ВІВТОРОК   13.09;4;;;;;;;;;;;;;
ВІВТОРОК   13.09;5;;;;;;;;;;;;;
СЕРЕДА        14.09;1;С   о   ц   і   о   л   о   г   і   я                                      доц.Долголенко І.А.;С   о   ц   і   о   л   о   г   і   я                                      доц.Долголенко І.А.;С   о   ц   і   о   л   о   г   і   я                                      доц.Долголенко І.А.;С   о   ц   і   о   л   о   г   і   я                                      доц.Долголенко І.А.;С   о   ц   і   о   л   о   г   і   я                                      доц.Долголенко І.А.;С   о   ц   і   о   л   о   г   і   я                                      доц.Долголенко І.А.;;;;;;;
СЕРЕДА        14.09;2;Опір матеріалів доц.Федорова О.В.;Опір матеріалів доц.Федорова О.В.;;Тестові моделі та техн. їх конструювання доц.Івлієва О.М.;Економ. підпр. ІІ               викл.Гилка У.Л.;Маркетинг в туризмі викл. Шевченко-Перепьолкіна Р.І.;;;;;;;
СЕРЕДА        14.09;3;Українська мова за професійним спрямуванням                      доц. Делюсто М.С.;Українська мова за професійним спрямуванням                      доц. Делюсто М.С.;Українська мова за професійним спрямуванням                      доц. Делюсто М.С.;Українська мова за професійним спрямуванням                      доц. Делюсто М.С.;Українська мова за професійним спрямуванням                      доц. Делюсто М.С.;Українська мова за професійним спрямуванням                      доц. Делюсто М.С.;;;;;;;
СЕРЕДА        14.09;4;;;;;;;;;;;;;
СЕРЕДА        14.09;5;;;;;;;;;;;;;
ЧЕТВЕР         15.09;1;Технологічний практикум                                доц. Букатова О.М.;Технологічний практикум                                доц. Букатова О.М.;;Тестові моделі та техн. їх конструювання доц.Івлієва О.М.;Фінанси                  викл.Гилка У.Л.;Організація туризму викл.Міщук Ж.В.;;;;;;;
ЧЕТВЕР         15.09;2;Технологічний практикум                                доц. Букатова О.М.;Технологічний практикум                                доц. Букатова О.М.;;Моделювання та параметризація тестів            доц.Івлієва О.М.;Англ.мова викл.Шикиринська О.Б.;Міжнародна політика в сфері туризму                   викл. Шевченко-Перепьолкіна Р.І.;;;;;;;
ЧЕТВЕР         15.09;3;Основи проектування, моделювання і дизайну доц.Букатова О.М.;Основи проектування, моделювання і дизайну доц.Букатова О.М.;Теорія ймовірності та мат.статистика (+4к)доц. Івлієва О.М.;Теорія ймовірності та мат.статистика (+4к)доц. Івлієва О.М.;Логістика викл.Степанова Н.О.;Організація готельного господарства викл.Міщук Ж.В.;;;;;;;
ЧЕТВЕР         15.09;4;;;;;;Болг.мова                     доц.Гончар Н.М.;;;;;;;
ЧЕТВЕР         15.09;5;Спеціальна медична група                           доц.Смакула О.І.;Спеціальна медична група                           доц.Смакула О.І.;Спеціальна медична група                           доц.Смакула О.І.;Спеціальна медична група                           доц.Смакула О.І.;Спеціальна медична група                           доц.Смакула О.І.;Спеціальна медична група                           доц.Смакула О.І.;;;;;;;
П'ЯТНИЦЯ            16.09;1;С   о   ц   і   о   л   о   г   і   я                                      доц.Долголенко І.А.;С   о   ц   і   о   л   о   г   і   я                                      доц.Долголенко І.А.;С   о   ц   і   о   л   о   г   і   я                                      доц.Долголенко І.А.;С   о   ц   і   о   л   о   г   і   я                                      доц.Долголенко І.А.;С   о   ц   і   о   л   о   г   і   я                                      доц.Долголенко І.А.;С   о   ц   і   о   л   о   г   і   я                                      доц.Долголенко І.А.;;;;;;;
П'ЯТНИЦЯ            16.09;2;Технологія виробництва та обробка конструкційних матеріалів                                       доц. Федорова О.В.;Технологія виробництва та обробка конструкційних матеріалів                                       доц. Федорова О.В.;;;Економ. підпр. ІІ               викл.Гилка У.Л.;Маркетинг в туризмі викл. Шевченко-Перепьолкіна Р.І.;;;;;;;
П'ЯТНИЦЯ            16.09;3;Ергономіка доц.Букатова О.М.;Ергономіка доц.Букатова О.М.;;;;;;;;;;;
П'ЯТНИЦЯ            16.09;4;Фізична культура та основи здоров`я людини          викл.Бочарова Т.В., викл.Долженко І.В.;Фізична культура та основи здоров`я людини          викл.Бочарова Т.В., викл.Долженко І.В.;Фізична культура та основи здоров`я людини          викл.Бочарова Т.В., викл.Долженко І.В.;Фізична культура та основи здоров`я людини          викл.Бочарова Т.В., викл.Долженко І.В.;Фізична культура та основи здоров`я людини          викл.Бочарова Т.В., викл.Долженко І.В.;Фізична культура та основи здоров`я людини          викл.Бочарова Т.В., викл.Долженко І.В.;;;;;;;
П'ЯТНИЦЯ            16.09;5;;;;;;;;;;;;;
Декан факультету _____________доц. Мізюк В.А.;Декан факультету _____________доц. Мізюк В.А.;Декан факультету _____________доц. Мізюк В.А.;Декан факультету _____________доц. Мізюк В.А.;Декан факультету _____________доц. Мізюк В.А.;Декан факультету _____________доц. Мізюк В.А.;Декан факультету _____________доц. Мізюк В.А.;Декан факультету _____________доц. Мізюк В.А.;;;;;;;
Р О З К Л А Д ;Р О З К Л А Д ;Р О З К Л А Д ;Р О З К Л А Д ;Р О З К Л А Д ;Р О З К Л А Д ;;;;;;;;;
занять факультету управління, адміністрування та інформаційної діяльності;занять факультету управління, адміністрування та інформаційної діяльності;занять факультету управління, адміністрування та інформаційної діяльності;занять факультету управління, адміністрування та інформаційної діяльності;занять факультету управління, адміністрування та інформаційної діяльності;занять факультету управління, адміністрування та інформаційної діяльності;;;;;;;;;
Дні;Пари;41 група;42 група;43 група;44 група;;;;;;;;;
Дні;Пари;Тех. (інформ.);Інформатика ;Економіка підприємства;Туризм;;;;;;;;;
ПОНЕДІЛОК    12.09;1;Д І С                                            викл.Дмитрієва М.В.;;Фінансова діяльність суб`єктів підприємництва                     проф.Сосновський А.В.;Турлогістика                                  викл. Шевченко-Перепьолкіна Р.І.;;;;;;;;;
ПОНЕДІЛОК    12.09;2;МТЗТ підготовки школярів                   викл.Трішин В.В.;Метод. навч. математики                        викл. Щоголева Т.М.;Капітал підприємства  ст.викл.Яковенко О.І.;Рекреаційна географія                              доц. Тодоров В.І.;;;;;;;;;
ПОНЕДІЛОК    12.09;3;;П Р П П                                            викл.Дмитрієва М.В.;Економіка і організація інноваційної діяльності доц.Сорока Л.М.;Менеджмент в туризмі  ст.викл.Яковенко О.І.;;;;;;;;;
ПОНЕДІЛОК    12.09;4;;Математичне програмування          викл. Воробйов Я.В.;;Спеціалізований туризм                                доц. Тодоров В.І.;;;;;;;;;
ПОНЕДІЛОК    12.09;5;;;;;;;;;;;;;
ВІВТОРОК   13.09;1;Р е л і г і є з н а в с т в о                 доц. Запорожченко О.В.;Р е л і г і є з н а в с т в о                 доц. Запорожченко О.В.;;Рекреаційна географія                              доц. Тодоров В.І.;;;;;;;;;
ВІВТОРОК   13.09;2;МТЗТП                                         викл. Тришин В.В.;П Р П П                                           викл.Дмитрієва М.В.;Організація виробництва викл.Степанова Н.О.;Економіка підприємства              викл.Метіль Т.К.;;;;;;;;;
ВІВТОРОК   13.09;3;Теорія ймовірності та мат.статистика  (+3к)            доц.Івлієва О.М.;Основи мікроелектроніки викл.Коваленко О.В.;Англійська мова                                     викл.Шикиринська О.Б.;Організація туризму                       викл.Міщук Ж.В.;;;;;;;;;
ВІВТОРОК   13.09;4;Д І С                                            викл.Дмитрієва М.В.;ІКТ                                                   викл.Дущенко О.С.;Стратегія підприємства            викл.Метіль Т.К.;Туризм в країнах ЧСБ                    доц. Тодоров В.І.;;;;;;;;;
ВІВТОРОК   13.09;5;;;;Спеціалізований туризм                                доц. Тодоров В.І.;;;;;;;;;
СЕРЕДА                 14.09;1;Методика навчання інформатики                          доц.Мізюк В.А.;Програмування                                викл.Коваленко О.В.;Р е л і г і є з н а в с т в о                 доц. Запорожченко О.В.;Р е л і г і є з н а в с т в о                 доц. Запорожченко О.В.;;;;;;;;;
СЕРЕДА                 14.09;2;Практикум електоромонтажних робіт                                               викл. Тришин В.В.;ІС та БД                                  викл.Коваленко О.В.;Англійська мова                           доц.Чуфарлічева А.Ю.;Економіка підприємства              викл.Метіль Т.К.;;;;;;;;;
СЕРЕДА                 14.09;3;Практикум електоромонтажних робіт                                               викл. Тришин В.В.;Елементарна математика                 доц. Івлієва О.М.;Капітал підприємства   ст.викл.Яковенко О.І.;Рекреаційна географія                              доц. Тодоров В.І.;;;;;;;;;
СЕРЕДА                 14.09;4;;Метод. навч. математики                 викл. Щоголева Т.М.;Економіка праці та соціально-трудові відносини викл.Степанова Н.О.;Турлогістика                                  викл. Шевченко-Перепьолкіна Р.І.;;;;;;;;;
СЕРЕДА                 14.09;5;;;;Туризм в країнах ЧСБ                                  доц. Тодоров В.І.;;;;;;;;;
ЧЕТВЕР         15.09;1;Методика навчання інформатики                    доц.Мізюк В.А.;ІС та БД                                  викл.Коваленко О.В.;Економіка і організація інноваційної діяльності доц.Сорока Л.М.;Підприємство та бізнес-культура у сфері туризму                            викл.Метіль Т.К.;;;;;;;;;
ЧЕТВЕР         15.09;2;Д І С                                            викл.Дмитрієва М.В.;Математичне програмування          викл. Воробйов Я.В.;Стратегія підприємства            викл.Метіль Т.К.;Організація туризму                       викл.Міщук Ж.В.;;;;;;;;;
ЧЕТВЕР         15.09;3;Теорія ймовірності та мат.статистика  (+3к)                         доц.Івлієва О.М.;Основи мікроелектроніки викл.Коваленко О.В.;Фінансова діяльність суб`єктів підприємництва                     проф.Сосновський А.В.;Спеціалізований туризм                                доц. Тодоров В.І.;;;;;;;;;
ЧЕТВЕР         15.09;4;;ІКТ                                                   викл.Дущенко О.С.;Капітал підприємства  ст.викл.Яковенко О.І.;Туризм в країнах ЧСБ                                  доц. Тодоров В.І.;;;;;;;;;
ЧЕТВЕР         15.09;5;;;;;;;;;;;;;
П'ЯТНИЦЯ         16.09;1;Р е л і г і є з н а в с т в о     (+ФУФСН)              доц. Запорожченко О.В.;Р е л і г і є з н а в с т в о     (+ФУФСН)              доц. Запорожченко О.В.;Р е л і г і є з н а в с т в о     (+ФУФСН)              доц. Запорожченко О.В.;Р е л і г і є з н а в с т в о     (+ФУФСН)              доц. Запорожченко О.В.;;;;;;;;;
П'ЯТНИЦЯ         16.09;2;;;Організація виробництва викл.Степанова Н.О.;Туризм в країнах ЧСБ                                  доц. Тодоров В.І.;;;;;;;;;
П'ЯТНИЦЯ         16.09;3;;П Р П П                                            викл.Дмитрієва М.В.;Економіка праці та соціально-трудові відносини викл.Степанова Н.О.;Економіка підприємства              викл.Метіль Т.К.;;;;;;;;;
П'ЯТНИЦЯ         16.09;4;;Метод. навч. матем.                           викл. Щоголева Т.М.;;Спеціалізований туризм                                доц. Тодоров В.І.;;;;;;;;;
П'ЯТНИЦЯ         16.09;5;;;;;;;;;;;;;
Декан факультету _____________доц. Мізюк В.А.;Декан факультету _____________доц. Мізюк В.А.;Декан факультету _____________доц. Мізюк В.А.;Декан факультету _____________доц. Мізюк В.А.;Декан факультету _____________доц. Мізюк В.А.;Декан факультету _____________доц. Мізюк В.А.;;;;;;;;;
Р О З К Л А Д ;Р О З К Л А Д ;Р О З К Л А Д ;Р О З К Л А Д ;Р О З К Л А Д ;;;;;;;;;;
занять факультету управління, адміністрування та інформаційної діяльності;занять факультету управління, адміністрування та інформаційної діяльності;занять факультету управління, адміністрування та інформаційної діяльності;занять факультету управління, адміністрування та інформаційної діяльності;занять факультету управління, адміністрування та інформаційної діяльності;;;;;;;;;;
Дні;Пари;511 група;512 група;53 група;;;;;;;;;;
Дні;Пари;Труд. навчання (основи економ.);Труд. навчання (інформ.);Економіка та управління підприємством;;;;;;;;;;
ПОНЕДІЛОК    12.09;1;О  х  о  р  о  н  а         п  р  а  ц  і       в       г  а  л  у  з  і    (+ФУФСН)                                                                                                доц.Букатова О.М.;О  х  о  р  о  н  а         п  р  а  ц  і       в       г  а  л  у  з  і    (+ФУФСН)                                                                                                доц.Букатова О.М.;О  х  о  р  о  н  а         п  р  а  ц  і       в       г  а  л  у  з  і    (+ФУФСН)                                                                                                доц.Букатова О.М.;;;;;;;;;;
ПОНЕДІЛОК    12.09;2;Автоматизація технологічних процесів                                                                            доц. Федорова О.В.;Автоматизація технологічних процесів                                                                            доц. Федорова О.В.;Організація і методика проведення аудиту                                         викл.Степанова Н.О.;;;;;;;;;;
ПОНЕДІЛОК    12.09;3;Теорія та методика профільного навчання                                                                    викл.Драгієва Л.В.;Теорія та методика профільного навчання                                                                    викл.Драгієва Л.В.;Економічна діагностика викл.Степанова Н.О.;;;;;;;;;;
ПОНЕДІЛОК    12.09;4;Інтелектуальна власність (+ФУФСН+ІНФАК) доц.Овчатова-Редько А.О.;Інтелектуальна власність (+ФУФСН+ІНФАК) доц.Овчатова-Редько А.О.;Інтелектуальна власність (+ФУФСН+ІНФАК) доц.Овчатова-Редько А.О.;;;;;;;;;;
ПОНЕДІЛОК    12.09;5;;;;;;;;;;;;;
ВІВТОРОК   13.09;1;Автоматизація технологічних процесів                                                                            доц. Федорова О.В.;Автоматизація технологічних процесів                                                                            доц. Федорова О.В.;Глобальна економія   (+6к)                               доц.Сорока Л.М.;;;;;;;;;;
ВІВТОРОК   13.09;2;Теорія та методика профільного навчання                                                                    викл.Драгієва Л.В.;Теорія та методика профільного навчання                                                                    викл.Драгієва Л.В.;Економіка управління підприємством (+6к) ст.викл.Яковенко О.І.;;;;;;;;;;
ВІВТОРОК   13.09;3;;Інноваційні технології навчання інформатики (+ПЕДФАК)                                            доц. Мізюк В.А.;Організація обліку                                      викл.Степанова Н.О.;;;;;;;;;;
ВІВТОРОК   13.09;4;О  х  о  р  о  н  а         п  р  а  ц  і       в       г  а  л  у  з  і    (+ФУФСН)                                                                                                доц.Букатова О.М.;О  х  о  р  о  н  а         п  р  а  ц  і       в       г  а  л  у  з  і    (+ФУФСН)                                                                                                доц.Букатова О.М.;О  х  о  р  о  н  а         п  р  а  ц  і       в       г  а  л  у  з  і    (+ФУФСН)                                                                                                доц.Букатова О.М.;;;;;;;;;;
ВІВТОРОК   13.09;5;;;;;;;;;;;;;
СЕРЕДА           14.09;1;;;;;;;;;;;;;
СЕРЕДА           14.09;2;Декоративно-ужиткове мистецтво з методикою навчання                                           викл. Драгієва Л.В.;Декоративно-ужиткове мистецтво з методикою навчання                                           викл. Драгієва Л.В.;;;;;;;;;;;
СЕРЕДА           14.09;3;Теорія та методика профільного навчання                                                                    викл.Драгієва Л.В.;Теорія та методика профільного навчання                                                                    викл.Драгієва Л.В.;Англійська  мова  за п/с                                     доц.Чуфарлічева А.Ю.;;;;;;;;;;
СЕРЕДА           14.09;4;;;Управління проектами (+6 к.)                ст.викл.Яковенко О.І.;;;;;;;;;;
СЕРЕДА           14.09;5;;;;;;;;;;;;;
ЧЕТВЕР          15.09;1;;;;;;;;;;;;;
ЧЕТВЕР          15.09;2;;;;;;;;;;;;;
ЧЕТВЕР          15.09;3;;Інноваційні технології навчання інформатики (+ПЕДФАК)                                            доц. Мізюк В.А.;Економіка управління підприємством (+6к) ст.викл.Яковенко О.І.;;;;;;;;;;
ЧЕТВЕР          15.09;4;;;;;;;;;;;;;
ЧЕТВЕР          15.09;5;;Сучасні мови програмування викл.Дущенко О.С.;;;;;;;;;;;
П'ЯТНИЦЯ             16.09;1;Теорія та методика профільного навчання                                                                    викл.Драгієва Л.В.;Теорія та методика профільного навчання                                                                    викл.Драгієва Л.В.;Глобальна економія (+6к)                                  доц.Сорока Л.М.;;;;;;;;;;
П'ЯТНИЦЯ             16.09;2;Декоративно-ужиткове мистецтво з методикою навчання                                           викл. Драгієва Л.В.;Декоративно-ужиткове мистецтво з методикою навчання                                           викл. Драгієва Л.В.;Управління проектами (+6 к.)                ст.викл.Яковенко О.І.;;;;;;;;;;
П'ЯТНИЦЯ             16.09;3;;Сучасні мови програмування викл.Коваленко О.В.;Економіка управління підприємством (+6к) ст.викл.Яковенко О.І.;;;;;;;;;;
П'ЯТНИЦЯ             16.09;4;;;;;;;;;;;;;
П'ЯТНИЦЯ             16.09;5;;;;;;;;;;;;;
Декан факультету _____________доц. Мізюк В.А.;Декан факультету _____________доц. Мізюк В.А.;Декан факультету _____________доц. Мізюк В.А.;Декан факультету _____________доц. Мізюк В.А.;Декан факультету _____________доц. Мізюк В.А.;;;;;;;;;;
Р О З К Л А Д ;Р О З К Л А Д ;Р О З К Л А Д ;Р О З К Л А Д ;Р О З К Л А Д ;;;;;;;;;;
занять факультету управління, адміністрування та інформаційної діяльності;занять факультету управління, адміністрування та інформаційної діяльності;занять факультету управління, адміністрування та інформаційної діяльності;занять факультету управління, адміністрування та інформаційної діяльності;занять факультету управління, адміністрування та інформаційної діяльності;;;;;;;;;;
Дні;Пари;61 група;63 група;64 група;;;;;;;;;;
Дні;Пари;Трудове навчання;Економіка та управління підприємством;Управління навчальним закладом;;;;;;;;;;
ПОНЕДІЛОК    12.09;1;;;;;;;;;;;;;
ПОНЕДІЛОК    12.09;2;;;;;;;;;;;;;
ПОНЕДІЛОК    12.09;3;;;;;;;;;;;;;
ПОНЕДІЛОК    12.09;4;;;;;;;;;;;;;
ПОНЕДІЛОК    12.09;5;;;;;;;;;;;;;
ВІВТОРОК   13.09;1;;Глобальна економія (+5к)                                  доц.Сорока Л.М.;;;;;;;;;;;
ВІВТОРОК   13.09;2;;Економіка управління підприємством (+5к) ст.викл.Яковенко О.І.;;;;;;;;;;;
ВІВТОРОК   13.09;3;Методологія та організація наукових досліджень доц. Запорожченко О.В.;Методологія та організація наукових досліджень доц. Запорожченко О.В.;Методологія та організація наукових досліджень доц. Запорожченко О.В.;;;;;;;;;;
ВІВТОРОК   13.09;4;;;;;;;;;;;;;
ВІВТОРОК   13.09;5;;;;;;;;;;;;;
СЕРЕДА        14.09;1;;;;;;;;;;;;;
СЕРЕДА        14.09;2;;;;;;;;;;;;;
СЕРЕДА        14.09;3;;Соціальна відповідальність доц.Криворак А.Д.;;;;;;;;;;;
СЕРЕДА        14.09;4;;Управління проектами (+5 к.)                ст.викл.Яковенко О.І.;;;;;;;;;;;
СЕРЕДА        14.09;5;;;;;;;;;;;;;
ЧЕТВЕР            15.09;1;;;;;;;;;;;;;
ЧЕТВЕР            15.09;2;;;;;;;;;;;;;
ЧЕТВЕР            15.09;3;Педагогіка вищої школи (+ІНФАК+ФУФСН+ПЕДФАК)                                                                      проф.Кічук Н.В.;Економіка управління підприємством (+5к) ст.викл.Яковенко О.І.;;;;;;;;;;;
ЧЕТВЕР            15.09;4;;Соціальна відповідальність доц.Криворак А.Д.;;;;;;;;;;;
ЧЕТВЕР            15.09;5;;;;;;;;;;;;;
П'ЯТНИЦЯ         16.09;1;;Глобальна економія (+5к)                                  доц.Сорока Л.М.;;;;;;;;;;;
П'ЯТНИЦЯ         16.09;2;Педагогіка вищої школи (+ІНФАК+ФУФСН+ПЕДФАК)                                                                      проф.Кічук Н.В.;Управління проектами (+5 к.)                ст.викл.Яковенко О.І.;;;;;;;;;;;
П'ЯТНИЦЯ         16.09;3;;Економіка управління підприємством (+5к) ст.викл.Яковенко О.І.;;;;;;;;;;;
П'ЯТНИЦЯ         16.09;4;;;;;;;;;;;;;
П'ЯТНИЦЯ         16.09;5;;;;;;;;;;;;;
Декан факультету _____________доц. Мізюк В.А.;Декан факультету _____________доц. Мізюк В.А.;Декан факультету _____________доц. Мізюк В.А.;Декан факультету _____________доц. Мізюк В.А.;Декан факультету _____________доц. Мізюк В.А.;;;;;;;;;;
Р О З К Л А Д ;Р О З К Л А Д ;Р О З К Л А Д ;Р О З К Л А Д ;;;;;;;;;;;
занять факультету управління, адміністрування та інформаційної діяльності;занять факультету управління, адміністрування та інформаційної діяльності;занять факультету управління, адміністрування та інформаційної діяльності;занять факультету управління, адміністрування та інформаційної діяльності;;;;;;;;;;;
;;71 група;73 група;;;;;;;;;;;
;;Трудове навчання та технології;Економіка та управління підприємством;;;;;;;;;;;
ПОНЕДІЛОК    12.09;1;Основи електроніки                                                         доц. Федорова О.В.;;;;;;;;;;;;
ПОНЕДІЛОК    12.09;2;;;;;;;;;;;;;
ПОНЕДІЛОК    12.09;3;;;;;;;;;;;;;
ПОНЕДІЛОК    12.09;4;;;;;;;;;;;;;
ПОНЕДІЛОК    12.09;5;;;;;;;;;;;;;
ВІВТОРОК              13.09;1;;;;;;;;;;;;;
ВІВТОРОК              13.09;2;;;;;;;;;;;;;
ВІВТОРОК              13.09;3;Педагогіка вищої школи(+ІНФАК+ФУФСН)               проф. Кічук Н.В.;;;;;;;;;;;;
ВІВТОРОК              13.09;4;Основи електроніки                                                         доц. Федорова О.В.;;;;;;;;;;;;
ВІВТОРОК              13.09;5;;;;;;;;;;;;;
СЕРЕДА          14.09;1;Цивільний захист                                                           викл.Тірон-Воробйова Н.Б.;;;;;;;;;;;;
СЕРЕДА          14.09;2;;;;;;;;;;;;;
СЕРЕДА          14.09;3;;;;;;;;;;;;;
СЕРЕДА          14.09;4;;;;;;;;;;;;;
СЕРЕДА          14.09;5;;;;;;;;;;;;;
ЧЕТВЕР          15.09;1;;;;;;;;;;;;;
ЧЕТВЕР          15.09;2;;Англійська  мова                                       доц.Чуфарлічева А.Ю.;;;;;;;;;;;
ЧЕТВЕР          15.09;3;Педагогіка вищої школи(+ІНФАК+ФУФСН)               проф. Кічук Н.В.;;;;;;;;;;;;
ЧЕТВЕР          15.09;4;;;;;;;;;;;;;
ЧЕТВЕР          15.09;5;;;;;;;;;;;;;
П'ЯТНИЦЯ          16.09;1;Цивільний захист                                                            викл.Тірон-Воробйова Н.Б.;;;;;;;;;;;;
П'ЯТНИЦЯ          16.09;2;;Англійська  мова                                       доц.Чуфарлічева А.Ю.;;;;;;;;;;;
П'ЯТНИЦЯ          16.09;3;;;;;;;;;;;;;
П'ЯТНИЦЯ          16.09;4;;;;;;;;;;;;;
П'ЯТНИЦЯ          16.09;5;;;;;;;;;;;;;
Декан факультету _____________доц. Мізюк В.А.;Декан факультету _____________доц. Мізюк В.А.;Декан факультету _____________доц. Мізюк В.А.;Декан факультету _____________доц. Мізюк В.А.;;;;;;;;;;;
Р О З К Л А Д ;Р О З К Л А Д ;Р О З К Л А Д ;Р О З К Л А Д ;Р О З К Л А Д ;Р О З К Л А Д ;;;;;;;;;
занять факультету управління, адміністрування та інформаційної діяльності;занять факультету управління, адміністрування та інформаційної діяльності;занять факультету управління, адміністрування та інформаційної діяльності;занять факультету управління, адміністрування та інформаційної діяльності;занять факультету управління, адміністрування та інформаційної діяльності;занять факультету управління, адміністрування та інформаційної діяльності;;;;;;;;;
Скорочений термін;Скорочений термін;Скорочений термін;Скорочений термін;Скорочений термін;Скорочений термін;;;;;;;;;
;;17 група;18 група;20 група;19 група;;;;;;;;;
;;Трудове навчання та технології;Інформатика ;Документознавство;Туризм;;;;;;;;;
Понеділок 12.09;1;;;;;;;;;;;;;
Понеділок 12.09;2;В  с  т  у  п             д  о             с  п  е  ц  і  а  л  ь  н  о  с  т  і     (+ФУФСН)                                                              доц.Дроздов В.В.;В  с  т  у  п             д  о             с  п  е  ц  і  а  л  ь  н  о  с  т  і     (+ФУФСН)                                                              доц.Дроздов В.В.;В  с  т  у  п             д  о             с  п  е  ц  і  а  л  ь  н  о  с  т  і     (+ФУФСН)                                                              доц.Дроздов В.В.;В  с  т  у  п             д  о             с  п  е  ц  і  а  л  ь  н  о  с  т  і     (+ФУФСН)                                                              доц.Дроздов В.В.;;;;;;;;;
Понеділок 12.09;3;;;;;;;;;;;;;
Понеділок 12.09;4;;;;;;;;;;;;;
Понеділок 12.09;5;;;;;;;;;;;;;
Вівторок 13.09;1;;;;;;;;;;;;;
Вівторок 13.09;2;;;;;;;;;;;;;
Вівторок 13.09;3;;;;;;;;;;;;;
Вівторок 13.09;4;;;;;;;;;;;;;
Вівторок 13.09;5;;;;;;;;;;;;;
Середа 14.09;1;;;;;;;;;;;;;
Середа 14.09;2;;;;;;;;;;;;;
Середа 14.09;3;;;;;;;;;;;;;
Середа 14.09;4;;;;;;;;;;;;;
Середа 14.09;5;;;;;;;;;;;;;
Четвер 15.09;1;;;;;;;;;;;;;
Четвер 15.09;2;;;;;;;;;;;;;
Четвер 15.09;3;;;;;;;;;;;;;
Четвер 15.09;4;;;;;;;;;;;;;
Четвер 15.09;5;;;;;;;;;;;;;
П’ятниця 16.09;1;;;;;;;;;;;;;
П’ятниця 16.09;2;;;;;;;;;;;;;
П’ятниця 16.09;3;;;;;;;;;;;;;
П’ятниця 16.09;4;;;;;;;;;;;;;
П’ятниця 16.09;5;;;;;;;;;;;;;
Декан факультету _____________доц. Мізюк В.А.;Декан факультету _____________доц. Мізюк В.А.;Декан факультету _____________доц. Мізюк В.А.;Декан факультету _____________доц. Мізюк В.А.;Декан факультету _____________доц. Мізюк В.А.;Декан факультету _____________доц. Мізюк В.А.;;;;;;;;;
