11; 2016.09.12; 2; ВСТУПДОСПЕЦІАЛЬНОСТІ(+ФУФСН); доц.ДРОЗДОВВ.В.
11; 2016.09.13; 1; ІСТОРІЯТАКУЛЬТУРАУКРАЇНИ(+ФУФСН); викл.БАШЛИМ.І.
11; 2016.09.13; 2; ФІЗИЧНАКУЛЬТУРАТАОСНОВИЗДОРОВ`ЯЛЮДИНИ; доц.ЯРЧУКГ.В.,ДОЦ.МЕЛЬНИЧУКІ.П.
11; 2016.09.13; 5; СПЕЦІАЛЬНАМЕДИЧНАГРУПА; доц.МЕЛЬНИЧУКІ.П.
11; 2016.09.14; 2; ВИЩАМАТЕМАТИКА; викл.ЩОГОЛЕВАТ.М.
11; 2016.09.14; 3; УКРАЇНСЬКАМОВА(+ФУФСН); доц.МЄДВЄДЄВАО.Ю.
11; 2016.09.14; 4; ПСИХОЛОГІЯ; доц.ТЕРЕЩУКР.К.(+ФУФСН+ІНФАК)
11; 2016.09.15; 3; ПСИХОЛОГІЯ; доц.ТЕРЕЩУКР.К.(+ФУФСН+ІНФАК)
11; 2016.09.16; 1; ІСТОРІЯТАКУЛЬТУРАУКРАЇНИ(+ФУФСН); викл.БАШЛИМ.І.
11; 2016.09.16; 2; ВИЩАМАТЕМАТИКА; викл.ЩОГОЛЕВАТ.М.
11; 2016.09.16; 3; УКРАЇНСЬКАМОВА(+ФУФСН); доц.МЄДВЄДЄВАО.Ю.
13; 2016.09.12; 2; ВСТУПДОСПЕЦІАЛЬНОСТІ(+ФУФСН); доц.ДРОЗДОВВ.В.
13; 2016.09.12; 3; ПОЛІЕКОНОМІЯ; доц.КРИВОРАКА.Д.
13; 2016.09.12; 4; МАТЕМАТИКАДЛЯЕКОНОМ.; викл.ЩОГОЛЄВАТ.М.
13; 2016.09.13; 1; ІСТОРІЯТАКУЛЬТУРАУКРАЇНИ(+ФУФСН); викл.БАШЛИМ.І.
13; 2016.09.13; 2; ФІЗИЧНАКУЛЬТУРАТАОСНОВИЗДОРОВ`ЯЛЮДИНИ; доц.ЯРЧУКГ.В.,ДОЦ.МЕЛЬНИЧУКІ.П.
13; 2016.09.13; 5; СПЕЦІАЛЬНАМЕДИЧНАГРУПА; доц.МЕЛЬНИЧУКІ.П.
13; 2016.09.14; 2; ПОЛІЕКОНОМІЯ; доц.КРИВОРАКА.Д.
13; 2016.09.14; 3; УКРАЇНСЬКАМОВА(+ФУФСН); доц.МЄДВЄДЄВАО.Ю.
13; 2016.09.15; 2; МАТЕМАТИКАДЛЯЕКОНОМ.; викл.ЩОГОЛЄВАТ.М.
13; 2016.09.15; 3; ПОЛІЕКОНОМІЯ; доц.КРИВОРАКА.Д.
13; 2016.09.16; 1; ІСТОРІЯТАКУЛЬТУРАУКРАЇНИ(+ФУФСН); викл.БАШЛИМ.І.
13; 2016.09.16; 3; УКРАЇНСЬКАМОВА(+ФУФСН); доц.МЄДВЄДЄВАО.Ю.
14; 2016.09.12; 1; РЕКРЕАЛОГІЯ; доц.ТОДОРОВВ.І.
14; 2016.09.12; 2; ВСТУПДОСПЕЦІАЛЬНОСТІ(+ФУФСН); доц.ДРОЗДОВВ.В.
14; 2016.09.12; 3; ГЕОГРАФІЯТУРИЗМУ; доц.ТОДОРОВВ.І.
14; 2016.09.12; 4; ВСТУПДОФАХУ; викл.ШЕВЧЕНКО-ПЕРЕПЬОЛКІНАР.І.
14; 2016.09.13; 1; ІСТОРІЯТАКУЛЬТУРАУКРАЇНИ(+ФУФСН); викл.БАШЛИМ.І.
14; 2016.09.13; 2; ФІЗИЧНАКУЛЬТУРАТАОСНОВИЗДОРОВ`ЯЛЮДИНИ; доц.ЯРЧУКГ.В.,ДОЦ.МЕЛЬНИЧУКІ.П.
14; 2016.09.13; 3; ГЕОГРАФІЯТУРИЗМУ; доц.ТОДОРОВВ.І.
14; 2016.09.13; 4; ВСТУПДОФАХУ; викл.ШЕВЧЕНКО-ПЕРЕПЬОЛКІНАР.І.
14; 2016.09.13; 5; СПЕЦІАЛЬНАМЕДИЧНАГРУПА; доц.МЕЛЬНИЧУКІ.П.
14; 2016.09.14; 2; РЕКРЕАЛОГІЯ; доц.ТОДОРОВВ.І.
14; 2016.09.14; 3; УКРАЇНСЬКАМОВА(+ФУФСН); доц.МЄДВЄДЄВАО.Ю.
14; 2016.09.14; 4; ГЕОГРАФІЯТУРИЗМУ; доц.ТОДОРОВВ.І.
14; 2016.09.15; 1; ГЕОГРАФІЯТУРИЗМУ; доц.ТОДОРОВВ.І.
14; 2016.09.15; 2; РЕКРЕАЛОГІЯ; доц.ТОДОРОВВ.І.
14; 2016.09.16; 1; ІСТОРІЯТАКУЛЬТУРАУКРАЇНИ(+ФУФСН); викл.БАШЛИМ.І.
14; 2016.09.16; 3; УКРАЇНСЬКАМОВА(+ФУФСН); доц.МЄДВЄДЄВАО.Ю.
15; 2016.09.12; 2; ВСТУПДОСПЕЦІАЛЬНОСТІ(+ФУФСН); доц.ДРОЗДОВВ.В.
15; 2016.09.12; 3; ІНФОРМАТИКА,КОМП.ТЕХН.ТАПЗ; викл.КОЖУХАРЖ.В.
15; 2016.09.12; 4; ОСНОВИНАУКОВИХДОСЛІДЖЕНЬ; викл.КОЖУХАРЖ.В.
15; 2016.09.13; 1; ІСТОРІЯТАКУЛЬТУРАУКРАЇНИ(+ФУФСН); викл.БАШЛИМ.І.
15; 2016.09.13; 2; ФІЗИЧНАКУЛЬТУРАТАОСНОВИЗДОРОВ`ЯЛЮДИНИ; доц.ЯРЧУКГ.В.,ДОЦ.МЕЛЬНИЧУКІ.П.
15; 2016.09.13; 3; МАТЕМ.ОСНОВИІНФОРМ.; викл.ЩОГОЛЕВАТ.М.
15; 2016.09.13; 4; ІНФОРМАТИКА,КОМП.ТЕХН.ТАПЗ; викл.КОЖУХАРЖ.В.
15; 2016.09.13; 5; СПЕЦІАЛЬНАМЕДИЧНАГРУПА; доц.МЕЛЬНИЧУКІ.П.
15; 2016.09.14; 2; ІНФОРМАТИКА,КОМП.ТЕХН.ТАПЗ; викл.КОЖУХАРЖ.В.
15; 2016.09.14; 3; УКРАЇНСЬКАМОВА(+ФУФСН); доц.МЄДВЄДЄВАО.Ю.
15; 2016.09.15; 2; ОСНОВИНАУКОВИХДОСЛІДЖЕНЬ; викл.КОЖУХАРЖ.В.
15; 2016.09.15; 3; МАТЕМ.ОСНОВИІНФОРМ.; викл.ЩОГОЛЕВАТ.М.
15; 2016.09.16; 1; ІСТОРІЯТАКУЛЬТУРАУКРАЇНИ(+ФУФСН); викл.БАШЛИМ.І.
15; 2016.09.16; 3; УКРАЇНСЬКАМОВА(+ФУФСН); доц.МЄДВЄДЄВАО.Ю.
22; 2016.09.12; 1; КОМП.МЕРЕЖІ; викл.КОВАЛЕНКОО.В.
22; 2016.09.12; 2; ПЕДАГОГІЧНЕОЦІНЮВАННЯТАМОНІТОРИНГ; викл.ЛУНГУЛ.В.
22; 2016.09.12; 3; ФІЛОСОФІЯ; доц.ДОЛГОЛЕНКОІ.А.
22; 2016.09.13; 1; КОМП.МЕРЕЖІТАІНТЕРНЕТ; викл.КОВАЛЕНКОО.В.
22; 2016.09.13; 2; ОСНОВИАЛГОРИТМІЗАЦІЇТАМОВИПРОГРАМУВАННЯ; викл.ДУЩЕНКОО.С.
22; 2016.09.14; 1; ОСНОВИЕКОНОМІЧНОЇТЕОРІЇТАПІДПРИЄМНИЦЬКОЇДІЯЛЬНОСТІ(+ФУФСН); викл.МЕТІЛЬТ.К.
22; 2016.09.14; 2; ПЕДАГОГІЧНЕОЦІНЮВАННЯТАМОНІТОРИНГ; викл.ЛУНГУЛ.В.
22; 2016.09.14; 3; ФІЗИЧНАКУЛЬТУРАТАОСНОВИЗДОРОВ`ЯЛЮДИНИДОЦ.СМАКУЛАО.І.,ДОЦ.МЕЛЬНИЧУКІ.П.,; викл.ДОЛЖЕНКОІ.В.
22; 2016.09.14; 4; ОСНОВИАЛГОРИТМІЗАЦІЇТАМОВИПРОГРАМУВАННЯ; викл.ДУЩЕНКОО.С.
22; 2016.09.14; 5; СПЕЦІАЛЬНАМЕДИЧНАГРУПА; викл.БОЧАРОВАТ.В.
22; 2016.09.15; 2; ФІЛОСОФІЯ(+ФУФСН); доц.ЗАПОРОЖЧЕНКОО.В.
22; 2016.09.15; 3; ОСНОВИЕКОНОМІЧНОЇТЕОРІЇТАПІДПРИЄМНИЦЬКОЇДІЯЛЬНОСТІ(+ФУФСН); викл.МЕТІЛЬТ.К.
22; 2016.09.15; 4; МАТЕМАТ.АНАЛІЗ; викл.ЩОГОЛЄВАТ.М.
22; 2016.09.16; 3; МАТЕМАТ.АНАЛІЗ; викл.ЩОГОЛЄВАТ.М.
22; 2016.09.16; 4; ЄВРОПЕЙСЬКІАБРИСИ; проф.КІЧУКН.В.
23; 2016.09.12; 1; МАТЕМАТИКАДЛЯЕКОНОМ.; доц.ІВЛІЄВАО.М.
23; 2016.09.12; 2; ЕКОНОМІКАПІДПРИЄМСТВА; доц.СОРОКАЛ.М.
23; 2016.09.12; 3; ФІЛОСОФІЯ; доц.ДОЛГОЛЕНКОІ.А.
23; 2016.09.13; 1; ОСНОВИНАУКОВИХДОСЛІДЖЕНЬ; доц.КРИВОРАКА.Д.
23; 2016.09.13; 2; ЕКОНОМІКАПІДПРИЄМСТВА; доц.СОРОКАЛ.М.
23; 2016.09.13; 3; МЕНЕДЖМЕНТ; викл.МЕТІЛЬТ.К.
23; 2016.09.14; 1; МАТЕМАТИКАДЛЯЕКОНОМ.; доц.ІВЛІЄВАО.М.
23; 2016.09.14; 2; ГРОШІТАКРЕДИТ; викл.ЯКОВЕНКОО.І.
23; 2016.09.14; 3; ФІЗИЧНАКУЛЬТУРАТАОСНОВИЗДОРОВ`ЯЛЮДИНИДОЦ.СМАКУЛАО.І.,ДОЦ.МЕЛЬНИЧУКІ.П.,; викл.ДОЛЖЕНКОІ.В.
23; 2016.09.14; 4; ЕКОНОМІКАПІДПРИЄМСТВА; доц.СОРОКАЛ.М.
23; 2016.09.14; 5; СПЕЦІАЛЬНАМЕДИЧНАГРУПА; викл.БОЧАРОВАТ.В.
23; 2016.09.15; 1; ГРОШІТАКРЕДИТ; викл.ЯКОВЕНКОО.І.
23; 2016.09.15; 2; ФІЛОСОФІЯ(+ФУФСН); доц.ЗАПОРОЖЧЕНКОО.В.
23; 2016.09.15; 3; ЕКОНОМІКАПІДПРИЄМСТВА; доц.СОРОКАЛ.М.
23; 2016.09.16; 1; ОСНОВИНАУКОВИХДОСЛІДЖЕНЬ; доц.КРИВОРАКА.Д.
23; 2016.09.16; 2; ЕКОНОМІКАПІДПРИЄМСТВА; доц.СОРОКАЛ.М.
23; 2016.09.16; 3; МЕНЕДЖМЕНТ; викл.МЕТІЛЬТ.К.
24; 2016.09.12; 2; ВИЩАМАТЕМ.; доц.ІВЛІЄВАО.М.
24; 2016.09.12; 3; ФІЛОСОФІЯ; доц.ДОЛГОЛЕНКОІ.А.
24; 2016.09.13; 1; ОСНОВИНАУКОВИХДОСЛІДЖЕНЬ; доц.КРИВОРАКА.Д.
24; 2016.09.13; 2; ГЕОГРАФІЯТУРИЗМУ; доц.ТОДОРОВВ.І.
24; 2016.09.13; 3; АНГЛ.МОВА; доц.ЧУФАРЛІЧЕВАА.Ю.
24; 2016.09.14; 1; ГЕОГРАФІЯТУРИЗМУ; доц.ТОДОРОВВ.І.
24; 2016.09.14; 2; ІКТ; викл.ДУЩЕНКОО.С.
24; 2016.09.14; 3; ФІЗИЧНАКУЛЬТУРАТАОСНОВИЗДОРОВ`ЯЛЮДИНИДОЦ.СМАКУЛАО.І.,ДОЦ.МЕЛЬНИЧУКІ.П.,; викл.ДОЛЖЕНКОІ.В.
24; 2016.09.14; 5; СПЕЦІАЛЬНАМЕДИЧНАГРУПА; викл.БОЧАРОВАТ.В.
24; 2016.09.15; 1; ІКТ; викл.ДУЩЕНКОО.С.
24; 2016.09.15; 2; ФІЛОСОФІЯ(+ФУФСН); доц.ЗАПОРОЖЧЕНКОО.В.
24; 2016.09.16; 1; ОСНОВИНАУКОВИХДОСЛІДЖЕНЬ; доц.КРИВОРАКА.Д.
24; 2016.09.16; 2; ІКТ; викл.ДУЩЕНКОО.С.
24; 2016.09.16; 3; ГЕОГРАФІЯТУРИЗМУ; доц.ТОДОРОВВ.І.
25; 2016.09.12; 1; МЕНЕДЖМЕНТ; викл.ГИЛКАУ.Л.
25; 2016.09.12; 3; ФІЛОСОФІЯ; доц.ДОЛГОЛЕНКОІ.А.
25; 2016.09.13; 1; ППЗ; викл.КОЖУХАРЖ.В.
25; 2016.09.13; 2; ЗАГАЛЬНЕІКАДРОВЕДІЛОВОДСТВО; викл.БАШЛИМ.І.
25; 2016.09.13; 3; МЕНЕДЖМЕНТ; викл.ГИЛКАУ.Л.
25; 2016.09.14; 1; ОСНОВИЕКОНОМІЧНОЇТЕОРІЇТАПІДПРИЄМНИЦЬКОЇДІЯЛЬНОСТІ(+ФУФСН); викл.МЕТІЛЬТ.К.
25; 2016.09.14; 2; УПРАВЛІНСЬКЕДОК-ВО; викл.БАШЛИМ.І.
25; 2016.09.14; 3; ФІЗИЧНАКУЛЬТУРАТАОСНОВИЗДОРОВ`ЯЛЮДИНИДОЦ.СМАКУЛАО.І.,ДОЦ.МЕЛЬНИЧУКІ.П.,; викл.ДОЛЖЕНКОІ.В.
25; 2016.09.14; 5; СПЕЦІАЛЬНАМЕДИЧНАГРУПА; викл.БОЧАРОВАТ.В.
25; 2016.09.15; 2; ФІЛОСОФІЯ(+ФУФСН); доц.ЗАПОРОЖЧЕНКОО.В.
25; 2016.09.15; 3; ОСНОВИЕКОНОМІЧНОЇТЕОРІЇТАПІДПРИЄМНИЦЬКОЇДІЯЛЬНОСТІ(+ФУФСН); викл.МЕТІЛЬТ.К.
25; 2016.09.15; 4; ППЗ; викл.КОЖУХАРЖ.В.
25; 2016.09.16; 1; МЕНЕДЖМЕНТ; викл.ГИЛКАУ.Л.
25; 2016.09.16; 2; ППЗ; викл.КОЖУХАРЖ.В.
25; 2016.09.16; 3; УПРАВЛІНСЬКЕДОК-ВО; викл.БАШЛИМ.І.
25; 2016.09.16; 4; ЗАГАЛЬНЕІКАДРОВЕДІЛОВОДСТВО; викл.БАШЛИМ.І.
33; 2016.09.12; 1; ЕКОНОМІКО-МАТ.МЕТОДИТАМОДЕЛІ; доц.СОРОКАЛ.М.
33; 2016.09.12; 2; ЕКОНОМ.ПІДПР.ІІ; викл.ГИЛКАУ.Л.
33; 2016.09.12; 3; ФІЗИЧНАКУЛЬТУРАТАОСНОВИЗДОРОВ`ЯЛЮДИНИ; викл.БОЧАРОВАТ.В.,ВИКЛ.ДОЛЖЕНКОІ.В.
33; 2016.09.12; 5; СПЕЦІАЛЬНАМЕДИЧНАГРУПА; доц.СМАКУЛАО.І.
33; 2016.09.13; 1; ФІНАНСИ; викл.ГИЛКАУ.Л.
33; 2016.09.13; 2; АНГЛ.МОВА; викл.ШИКИРИНСЬКАО.Б.
33; 2016.09.13; 3; ЕКОНОМІКО-МАТ.МЕТОДИТАМОДЕЛІ; доц.СОРОКАЛ.М.
33; 2016.09.14; 1; СОЦІОЛОГІЯ; доц.ДОЛГОЛЕНКОІ.А.
33; 2016.09.14; 2; ЕКОНОМ.ПІДПР.ІІ; викл.ГИЛКАУ.Л.
33; 2016.09.14; 3; УКРАЇНСЬКАМОВАЗАПРОФЕСІЙНИМСПРЯМУВАННЯМ; доц.ДЕЛЮСТОМ.С.
33; 2016.09.15; 1; ФІНАНСИ; викл.ГИЛКАУ.Л.
33; 2016.09.15; 2; АНГЛ.МОВА; викл.ШИКИРИНСЬКАО.Б.
33; 2016.09.15; 3; ЛОГІСТИКА; викл.СТЕПАНОВАН.О.
33; 2016.09.15; 5; СПЕЦІАЛЬНАМЕДИЧНАГРУПА; доц.СМАКУЛАО.І.
33; 2016.09.16; 1; СОЦІОЛОГІЯ; доц.ДОЛГОЛЕНКОІ.А.
33; 2016.09.16; 2; ЕКОНОМ.ПІДПР.ІІ; викл.ГИЛКАУ.Л.
33; 2016.09.16; 4; ФІЗИЧНАКУЛЬТУРАТАОСНОВИЗДОРОВ`ЯЛЮДИНИ; викл.БОЧАРОВАТ.В.,ВИКЛ.ДОЛЖЕНКОІ.В.
34; 2016.09.12; 1; ОРГАНІЗАЦІЯТУРИЗМУ; викл.МІЩУКЖ.В.
34; 2016.09.12; 2; ОРГАНІЗАЦІЯГОТЕЛЬНОГОГОСПОДАРСТВА; викл.МІЩУКЖ.В.
34; 2016.09.12; 3; ФІЗИЧНАКУЛЬТУРАТАОСНОВИЗДОРОВ`ЯЛЮДИНИ; викл.БОЧАРОВАТ.В.,ВИКЛ.ДОЛЖЕНКОІ.В.
34; 2016.09.12; 4; БОЛГ.МОВА; доц.ГОНЧАРН.М.
34; 2016.09.12; 5; СПЕЦІАЛЬНАМЕДИЧНАГРУПА; доц.СМАКУЛАО.І.
34; 2016.09.13; 2; АНГЛ.МОВА; доц.ЧУФАРЛІЧЕВАА.Ю.
34; 2016.09.13; 3; БОЛГ.МОВА; доц.ГОНЧАРН.М.
34; 2016.09.14; 1; СОЦІОЛОГІЯ; доц.ДОЛГОЛЕНКОІ.А.
34; 2016.09.14; 2; МАРКЕТИНГВТУРИЗМІ; викл.ШЕВЧЕНКО-ПЕРЕПЬОЛКІНАР.І.
34; 2016.09.14; 3; УКРАЇНСЬКАМОВАЗАПРОФЕСІЙНИМСПРЯМУВАННЯМ; доц.ДЕЛЮСТОМ.С.
34; 2016.09.15; 1; ОРГАНІЗАЦІЯТУРИЗМУ; викл.МІЩУКЖ.В.
34; 2016.09.15; 2; МІЖНАРОДНАПОЛІТИКАВСФЕРІТУРИЗМУ; викл.ШЕВЧЕНКО-ПЕРЕПЬОЛКІНАР.І.
34; 2016.09.15; 3; ОРГАНІЗАЦІЯГОТЕЛЬНОГОГОСПОДАРСТВА; викл.МІЩУКЖ.В.
34; 2016.09.15; 4; БОЛГ.МОВА; доц.ГОНЧАРН.М.
34; 2016.09.15; 5; СПЕЦІАЛЬНАМЕДИЧНАГРУПА; доц.СМАКУЛАО.І.
34; 2016.09.16; 1; СОЦІОЛОГІЯ; доц.ДОЛГОЛЕНКОІ.А.
34; 2016.09.16; 2; МАРКЕТИНГВТУРИЗМІ; викл.ШЕВЧЕНКО-ПЕРЕПЬОЛКІНАР.І.
34; 2016.09.16; 4; ФІЗИЧНАКУЛЬТУРАТАОСНОВИЗДОРОВ`ЯЛЮДИНИ; викл.БОЧАРОВАТ.В.,ВИКЛ.ДОЛЖЕНКОІ.В.
41; 2016.09.12; 1; ДІС; викл.ДМИТРІЄВАМ.В.
41; 2016.09.12; 2; МТЗТПІДГОТОВКИШКОЛЯРІВ; викл.ТРІШИНВ.В.
41; 2016.09.13; 1; РЕЛІГІЄЗНАВСТВО; доц.ЗАПОРОЖЧЕНКОО.В.
41; 2016.09.13; 2; МТЗТП; викл.ТРИШИНВ.В.
41; 2016.09.13; 3; ТЕОРІЯЙМОВІРНОСТІТАМАТ.СТАТИСТИКА(+3К); доц.ІВЛІЄВАО.М.
41; 2016.09.13; 4; ДІС; викл.ДМИТРІЄВАМ.В.
41; 2016.09.14; 1; МЕТОДИКАНАВЧАННЯІНФОРМАТИКИ; доц.МІЗЮКВ.А.
41; 2016.09.14; 2; ПРАКТИКУМЕЛЕКТОРОМОНТАЖНИХРОБІТ; викл.ТРИШИНВ.В.
41; 2016.09.14; 3; ПРАКТИКУМЕЛЕКТОРОМОНТАЖНИХРОБІТ; викл.ТРИШИНВ.В.
41; 2016.09.15; 1; МЕТОДИКАНАВЧАННЯІНФОРМАТИКИ; доц.МІЗЮКВ.А.
41; 2016.09.15; 2; ДІС; викл.ДМИТРІЄВАМ.В.
41; 2016.09.15; 3; ТЕОРІЯЙМОВІРНОСТІТАМАТ.СТАТИСТИКА(+3К); доц.ІВЛІЄВАО.М.
41; 2016.09.16; 1; РЕЛІГІЄЗНАВСТВО(+ФУФСН); доц.ЗАПОРОЖЧЕНКОО.В.
42; 2016.09.12; 2; МЕТОД.НАВЧ.МАТЕМАТИКИ; викл.ЩОГОЛЕВАТ.М.
42; 2016.09.12; 3; ПРПП; викл.ДМИТРІЄВАМ.В.
42; 2016.09.12; 4; МАТЕМАТИЧНЕПРОГРАМУВАННЯ; викл.ВОРОБЙОВЯ.В.
42; 2016.09.13; 1; РЕЛІГІЄЗНАВСТВО; доц.ЗАПОРОЖЧЕНКОО.В.
42; 2016.09.13; 2; ПРПП; викл.ДМИТРІЄВАМ.В.
42; 2016.09.13; 3; ОСНОВИМІКРОЕЛЕКТРОНІКИ; викл.КОВАЛЕНКОО.В.
42; 2016.09.13; 4; ІКТ; викл.ДУЩЕНКОО.С.
42; 2016.09.14; 1; ПРОГРАМУВАННЯ; викл.КОВАЛЕНКОО.В.
42; 2016.09.14; 2; ІСТАБД; викл.КОВАЛЕНКОО.В.
42; 2016.09.14; 3; ЕЛЕМЕНТАРНАМАТЕМАТИКА; доц.ІВЛІЄВАО.М.
42; 2016.09.14; 4; МЕТОД.НАВЧ.МАТЕМАТИКИ; викл.ЩОГОЛЕВАТ.М.
42; 2016.09.15; 1; ІСТАБД; викл.КОВАЛЕНКОО.В.
42; 2016.09.15; 2; МАТЕМАТИЧНЕПРОГРАМУВАННЯ; викл.ВОРОБЙОВЯ.В.
42; 2016.09.15; 3; ОСНОВИМІКРОЕЛЕКТРОНІКИ; викл.КОВАЛЕНКОО.В.
42; 2016.09.15; 4; ІКТ; викл.ДУЩЕНКОО.С.
42; 2016.09.16; 1; РЕЛІГІЄЗНАВСТВО(+ФУФСН); доц.ЗАПОРОЖЧЕНКОО.В.
42; 2016.09.16; 3; ПРПП; викл.ДМИТРІЄВАМ.В.
42; 2016.09.16; 4; МЕТОД.НАВЧ.МАТЕМ.; викл.ЩОГОЛЕВАТ.М.
43; 2016.09.12; 1; ФІНАНСОВАДІЯЛЬНІСТЬСУБ`ЄКТІВПІДПРИЄМНИЦТВА; проф.СОСНОВСЬКИЙА.В.
43; 2016.09.12; 2; КАПІТАЛПІДПРИЄМСТВАСТ.; викл.ЯКОВЕНКОО.І.
43; 2016.09.12; 3; ЕКОНОМІКАІОРГАНІЗАЦІЯІННОВАЦІЙНОЇДІЯЛЬНОСТІ; доц.СОРОКАЛ.М.
43; 2016.09.13; 2; ОРГАНІЗАЦІЯВИРОБНИЦТВА; викл.СТЕПАНОВАН.О.
43; 2016.09.13; 3; АНГЛІЙСЬКАМОВА; викл.ШИКИРИНСЬКАО.Б.
43; 2016.09.13; 4; СТРАТЕГІЯПІДПРИЄМСТВА; викл.МЕТІЛЬТ.К.
43; 2016.09.14; 1; РЕЛІГІЄЗНАВСТВО; доц.ЗАПОРОЖЧЕНКОО.В.
43; 2016.09.14; 2; АНГЛІЙСЬКАМОВА; доц.ЧУФАРЛІЧЕВАА.Ю.
43; 2016.09.14; 3; КАПІТАЛПІДПРИЄМСТВАСТ.; викл.ЯКОВЕНКОО.І.
43; 2016.09.14; 4; ЕКОНОМІКАПРАЦІТАСОЦІАЛЬНО-ТРУДОВІВІДНОСИНИ; викл.СТЕПАНОВАН.О.
43; 2016.09.15; 1; ЕКОНОМІКАІОРГАНІЗАЦІЯІННОВАЦІЙНОЇДІЯЛЬНОСТІ; доц.СОРОКАЛ.М.
43; 2016.09.15; 2; СТРАТЕГІЯПІДПРИЄМСТВА; викл.МЕТІЛЬТ.К.
43; 2016.09.15; 3; ФІНАНСОВАДІЯЛЬНІСТЬСУБ`ЄКТІВПІДПРИЄМНИЦТВА; проф.СОСНОВСЬКИЙА.В.
43; 2016.09.15; 4; КАПІТАЛПІДПРИЄМСТВАСТ.; викл.ЯКОВЕНКОО.І.
43; 2016.09.16; 1; РЕЛІГІЄЗНАВСТВО(+ФУФСН); доц.ЗАПОРОЖЧЕНКОО.В.
43; 2016.09.16; 2; ОРГАНІЗАЦІЯВИРОБНИЦТВА; викл.СТЕПАНОВАН.О.
43; 2016.09.16; 3; ЕКОНОМІКАПРАЦІТАСОЦІАЛЬНО-ТРУДОВІВІДНОСИНИ; викл.СТЕПАНОВАН.О.
44; 2016.09.12; 1; ТУРЛОГІСТИКА; викл.ШЕВЧЕНКО-ПЕРЕПЬОЛКІНАР.І.
44; 2016.09.12; 2; РЕКРЕАЦІЙНАГЕОГРАФІЯ; доц.ТОДОРОВВ.І.
44; 2016.09.12; 3; МЕНЕДЖМЕНТВТУРИЗМІСТ.; викл.ЯКОВЕНКОО.І.
44; 2016.09.12; 4; СПЕЦІАЛІЗОВАНИЙТУРИЗМ; доц.ТОДОРОВВ.І.
44; 2016.09.13; 1; РЕКРЕАЦІЙНАГЕОГРАФІЯ; доц.ТОДОРОВВ.І.
44; 2016.09.13; 2; ЕКОНОМІКАПІДПРИЄМСТВА; викл.МЕТІЛЬТ.К.
44; 2016.09.13; 3; ОРГАНІЗАЦІЯТУРИЗМУ; викл.МІЩУКЖ.В.
44; 2016.09.13; 4; ТУРИЗМВКРАЇНАХЧСБ; доц.ТОДОРОВВ.І.
44; 2016.09.13; 5; СПЕЦІАЛІЗОВАНИЙТУРИЗМ; доц.ТОДОРОВВ.І.
44; 2016.09.14; 1; РЕЛІГІЄЗНАВСТВО; доц.ЗАПОРОЖЧЕНКОО.В.
44; 2016.09.14; 2; ЕКОНОМІКАПІДПРИЄМСТВА; викл.МЕТІЛЬТ.К.
44; 2016.09.14; 3; РЕКРЕАЦІЙНАГЕОГРАФІЯ; доц.ТОДОРОВВ.І.
44; 2016.09.14; 4; ТУРЛОГІСТИКА; викл.ШЕВЧЕНКО-ПЕРЕПЬОЛКІНАР.І.
44; 2016.09.14; 5; ТУРИЗМВКРАЇНАХЧСБ; доц.ТОДОРОВВ.І.
44; 2016.09.15; 1; ПІДПРИЄМСТВОТАБІЗНЕС-КУЛЬТУРАУСФЕРІТУРИЗМУ; викл.МЕТІЛЬТ.К.
44; 2016.09.15; 2; ОРГАНІЗАЦІЯТУРИЗМУ; викл.МІЩУКЖ.В.
44; 2016.09.15; 3; СПЕЦІАЛІЗОВАНИЙТУРИЗМ; доц.ТОДОРОВВ.І.
44; 2016.09.15; 4; ТУРИЗМВКРАЇНАХЧСБ; доц.ТОДОРОВВ.І.
44; 2016.09.16; 1; РЕЛІГІЄЗНАВСТВО(+ФУФСН); доц.ЗАПОРОЖЧЕНКОО.В.
44; 2016.09.16; 2; ТУРИЗМВКРАЇНАХЧСБ; доц.ТОДОРОВВ.І.
44; 2016.09.16; 3; ЕКОНОМІКАПІДПРИЄМСТВА; викл.МЕТІЛЬТ.К.
44; 2016.09.16; 4; СПЕЦІАЛІЗОВАНИЙТУРИЗМ; доц.ТОДОРОВВ.І.
53; 2016.09.12; 1; ОХОРОНАПРАЦІВГАЛУЗІ(+ФУФСН); доц.БУКАТОВАО.М.
53; 2016.09.12; 2; ОРГАНІЗАЦІЯІМЕТОДИКАПРОВЕДЕННЯАУДИТУ; викл.СТЕПАНОВАН.О.
53; 2016.09.12; 3; ЕКОНОМІЧНАДІАГНОСТИКА; викл.СТЕПАНОВАН.О.
53; 2016.09.12; 4; ІНТЕЛЕКТУАЛЬНАВЛАСНІСТЬ(+ФУФСН+ІНФАК); доц.ОВЧАТОВА-РЕДЬКОА.О.
53; 2016.09.13; 1; ГЛОБАЛЬНАЕКОНОМІЯ(+6К); доц.СОРОКАЛ.М.
53; 2016.09.13; 2; ЕКОНОМІКАУПРАВЛІННЯПІДПРИЄМСТВОМ(+6К)СТ.; викл.ЯКОВЕНКОО.І.
53; 2016.09.13; 3; ОРГАНІЗАЦІЯОБЛІКУ; викл.СТЕПАНОВАН.О.
53; 2016.09.13; 4; ОХОРОНАПРАЦІВГАЛУЗІ(+ФУФСН); доц.БУКАТОВАО.М.
53; 2016.09.14; 3; АНГЛІЙСЬКАМОВАЗАП/С; доц.ЧУФАРЛІЧЕВАА.Ю.
53; 2016.09.14; 4; УПРАВЛІННЯПРОЕКТАМИ(+6К.)СТ.; викл.ЯКОВЕНКОО.І.
53; 2016.09.15; 3; ЕКОНОМІКАУПРАВЛІННЯПІДПРИЄМСТВОМ(+6К)СТ.; викл.ЯКОВЕНКОО.І.
53; 2016.09.16; 1; ГЛОБАЛЬНАЕКОНОМІЯ(+6К); доц.СОРОКАЛ.М.
53; 2016.09.16; 2; УПРАВЛІННЯПРОЕКТАМИ(+6К.)СТ.; викл.ЯКОВЕНКОО.І.
53; 2016.09.16; 3; ЕКОНОМІКАУПРАВЛІННЯПІДПРИЄМСТВОМ(+6К)СТ.; викл.ЯКОВЕНКОО.І.
61; 2016.09.13; 3; МЕТОДОЛОГІЯТАОРГАНІЗАЦІЯНАУКОВИХДОСЛІДЖЕНЬ; доц.ЗАПОРОЖЧЕНКОО.В.
61; 2016.09.15; 3; ПЕДАГОГІКАВИЩОЇШКОЛИ(+ІНФАК+ФУФСН+ПЕДФАК); проф.КІЧУКН.В.
61; 2016.09.16; 2; ПЕДАГОГІКАВИЩОЇШКОЛИ(+ІНФАК+ФУФСН+ПЕДФАК); проф.КІЧУКН.В.
63; 2016.09.13; 1; ГЛОБАЛЬНАЕКОНОМІЯ(+5К); доц.СОРОКАЛ.М.
63; 2016.09.13; 2; ЕКОНОМІКАУПРАВЛІННЯПІДПРИЄМСТВОМ(+5К)СТ.; викл.ЯКОВЕНКОО.І.
63; 2016.09.13; 3; МЕТОДОЛОГІЯТАОРГАНІЗАЦІЯНАУКОВИХДОСЛІДЖЕНЬ; доц.ЗАПОРОЖЧЕНКОО.В.
63; 2016.09.14; 3; СОЦІАЛЬНАВІДПОВІДАЛЬНІСТЬ; доц.КРИВОРАКА.Д.
63; 2016.09.14; 4; УПРАВЛІННЯПРОЕКТАМИ(+5К.)СТ.; викл.ЯКОВЕНКОО.І.
63; 2016.09.15; 3; ЕКОНОМІКАУПРАВЛІННЯПІДПРИЄМСТВОМ(+5К)СТ.; викл.ЯКОВЕНКОО.І.
63; 2016.09.15; 4; СОЦІАЛЬНАВІДПОВІДАЛЬНІСТЬ; доц.КРИВОРАКА.Д.
63; 2016.09.16; 1; ГЛОБАЛЬНАЕКОНОМІЯ(+5К); доц.СОРОКАЛ.М.
63; 2016.09.16; 2; УПРАВЛІННЯПРОЕКТАМИ(+5К.)СТ.; викл.ЯКОВЕНКОО.І.
63; 2016.09.16; 3; ЕКОНОМІКАУПРАВЛІННЯПІДПРИЄМСТВОМ(+5К)СТ.; викл.ЯКОВЕНКОО.І.
64; 2016.09.13; 3; МЕТОДОЛОГІЯТАОРГАНІЗАЦІЯНАУКОВИХДОСЛІДЖЕНЬ; доц.ЗАПОРОЖЧЕНКОО.В.
71; 2016.09.12; 1; ОСНОВИЕЛЕКТРОНІКИ; доц.ФЕДОРОВАО.В.
71; 2016.09.13; 3; ПЕДАГОГІКАВИЩОЇШКОЛИ(+ІНФАК+ФУФСН); проф.КІЧУКН.В.
71; 2016.09.13; 4; ОСНОВИЕЛЕКТРОНІКИ; доц.ФЕДОРОВАО.В.
71; 2016.09.14; 1; ЦИВІЛЬНИЙЗАХИСТ; викл.ТІРОН-ВОРОБЙОВАН.Б.
71; 2016.09.15; 3; ПЕДАГОГІКАВИЩОЇШКОЛИ(+ІНФАК+ФУФСН); проф.КІЧУКН.В.
71; 2016.09.16; 1; ЦИВІЛЬНИЙЗАХИСТ; викл.ТІРОН-ВОРОБЙОВАН.Б.
73; 2016.09.15; 2; АНГЛІЙСЬКАМОВА; доц.ЧУФАРЛІЧЕВАА.Ю.
73; 2016.09.16; 2; АНГЛІЙСЬКАМОВА; доц.ЧУФАРЛІЧЕВАА.Ю.
17; 2016.09.12; 2; ВСТУПДОСПЕЦІАЛЬНОСТІ(+ФУФСН); доц.ДРОЗДОВВ.В.
18; 2016.09.12; 2; ВСТУПДОСПЕЦІАЛЬНОСТІ(+ФУФСН); доц.ДРОЗДОВВ.В.
19; 2016.09.12; 2; ВСТУПДОСПЕЦІАЛЬНОСТІ(+ФУФСН); доц.ДРОЗДОВВ.В.
212; 2016.09.12; 1; КРЕСЛЕННЯ; викл.ТРИШИНВ.В.
212; 2016.09.12; 2; ФІЛОСОФІЯ; доц.ДОЛГОЛЕНКОІ.А.
212; 2016.09.13; 1; ТОІТАІКТ; викл.ДМИТРІЄВАМ.В.
212; 2016.09.13; 2; ТЕХНІЧНАМЕХАНІКА; доц.ФЕДОРОВАО.В.
212; 2016.09.13; 3; КРЕСЛЕННЯ; викл.ТРИШИНВ.В.
212; 2016.09.14; 1; ОСНОВИЕКОНОМІЧНОЇТЕОРІЇТАПІДПРИЄМНИЦЬКОЇДІЯЛЬНОСТІ(+ФУФСН); викл.МЕТІЛЬТ.К.
212; 2016.09.14; 2; ТЕХНОЛОГІЧНИЙПРАКТИКУМ; доц.БУКАТОВАО.М.
212; 2016.09.14; 3; ФІЗИЧНАКУЛЬТУРАТАОСНОВИЗДОРОВ`ЯЛЮДИНИДОЦ.СМАКУЛАО.І.,ДОЦ.МЕЛЬНИЧУКІ.П.,; викл.ДОЛЖЕНКОІ.В.
212; 2016.09.14; 5; СПЕЦІАЛЬНАМЕДИЧНАГРУПА; викл.БОЧАРОВАТ.В.
212; 2016.09.15; 1; ТЕХНІЧНАМЕХАНІКА; доц.ФЕДОРОВАО.В.
212; 2016.09.15; 2; ФІЛОСОФІЯ(+ФУФСН); доц.ЗАПОРОЖЧЕНКОО.В.
212; 2016.09.15; 3; ОСНОВИЕКОНОМІЧНОЇТЕОРІЇТАПІДПРИЄМНИЦЬКОЇДІЯЛЬНОСТІ(+ФУФСН); викл.МЕТІЛЬТ.К.
212; 2016.09.15; 4; ТОІТАІКТ; викл.ДМИТРІЄВАМ.В.
212; 2016.09.16; 1; ТЕХНОЛОГІЧНИЙПРАКТИКУМ; доц.БУКАТОВАО.М.
212; 2016.09.16; 2; ТЕХНОЛОГІЧНИЙПРАКТИКУМ; доц.БУКАТОВАО.М.
212; 2016.09.16; 4; ЄВРОПЕЙСЬКІАБРИСИ; проф.КІЧУКН.В.
311; 2016.09.12; 1; ЕКОНОМІЧНАТЕОРІЯ(+ФУФСН); доц.КРИВОРАКА.Д.
311; 2016.09.12; 2; ТЕХНІЧНАТВОРЧІСТЬТАЕСТЕТИКА; доц.БУКАТОВАО.М.
311; 2016.09.12; 3; ФІЗИЧНАКУЛЬТУРАТАОСНОВИЗДОРОВ`ЯЛЮДИНИ; викл.БОЧАРОВАТ.В.,ВИКЛ.ДОЛЖЕНКОІ.В.
311; 2016.09.12; 4; ТЕХНІЧНАТВОРЧІСТЬТАЕСТЕТИКА; доц.БУКАТОВАО.М.
311; 2016.09.12; 5; СПЕЦІАЛЬНАМЕДИЧНАГРУПА; доц.СМАКУЛАО.І.
311; 2016.09.13; 1; ТЕХНОЛОГІЧНИЙПРАКТИКУМ; доц.БУКАТОВАО.М.
311; 2016.09.13; 2; ТЕХНОЛОГІЧНИЙПРАКТИКУМ; доц.БУКАТОВАО.М.
311; 2016.09.13; 3; ТЕХНОЛОГІЯВИРОБНИЦТВАТАОБРОБКАКОНСТРУКЦІЙНИХМАТЕРІАЛІВ; доц.ФЕДОРОВАО.В.
311; 2016.09.14; 1; СОЦІОЛОГІЯ; доц.ДОЛГОЛЕНКОІ.А.
311; 2016.09.14; 2; ОПІРМАТЕРІАЛІВ; доц.ФЕДОРОВАО.В.
311; 2016.09.14; 3; УКРАЇНСЬКАМОВАЗАПРОФЕСІЙНИМСПРЯМУВАННЯМ; доц.ДЕЛЮСТОМ.С.
311; 2016.09.15; 1; ТЕХНОЛОГІЧНИЙПРАКТИКУМ; доц.БУКАТОВАО.М.
311; 2016.09.15; 2; ТЕХНОЛОГІЧНИЙПРАКТИКУМ; доц.БУКАТОВАО.М.
311; 2016.09.15; 3; ОСНОВИПРОЕКТУВАННЯ,МОДЕЛЮВАННЯІДИЗАЙНУ; доц.БУКАТОВАО.М.
311; 2016.09.15; 5; СПЕЦІАЛЬНАМЕДИЧНАГРУПА; доц.СМАКУЛАО.І.
311; 2016.09.16; 1; СОЦІОЛОГІЯ; доц.ДОЛГОЛЕНКОІ.А.
311; 2016.09.16; 2; ТЕХНОЛОГІЯВИРОБНИЦТВАТАОБРОБКАКОНСТРУКЦІЙНИХМАТЕРІАЛІВ; доц.ФЕДОРОВАО.В.
311; 2016.09.16; 3; ЕРГОНОМІКА; доц.БУКАТОВАО.М.
311; 2016.09.16; 4; ФІЗИЧНАКУЛЬТУРАТАОСНОВИЗДОРОВ`ЯЛЮДИНИ; викл.БОЧАРОВАТ.В.,ВИКЛ.ДОЛЖЕНКОІ.В.
312; 2016.09.12; 1; ЕКОНОМІЧНАТЕОРІЯ(+ФУФСН); доц.КРИВОРАКА.Д.
312; 2016.09.12; 2; ТЕХНІЧНАТВОРЧІСТЬТАЕСТЕТИКА; доц.БУКАТОВАО.М.
312; 2016.09.12; 3; ФІЗИЧНАКУЛЬТУРАТАОСНОВИЗДОРОВ`ЯЛЮДИНИ; викл.БОЧАРОВАТ.В.,ВИКЛ.ДОЛЖЕНКОІ.В.
312; 2016.09.12; 4; ТЕХНІЧНАТВОРЧІСТЬТАЕСТЕТИКА; доц.БУКАТОВАО.М.
312; 2016.09.12; 5; СПЕЦІАЛЬНАМЕДИЧНАГРУПА; доц.СМАКУЛАО.І.
312; 2016.09.13; 1; ТЕХНОЛОГІЧНИЙПРАКТИКУМ; доц.БУКАТОВАО.М.
312; 2016.09.13; 2; ТЕХНОЛОГІЧНИЙПРАКТИКУМ; доц.БУКАТОВАО.М.
312; 2016.09.13; 3; ТЕХНОЛОГІЯВИРОБНИЦТВАТАОБРОБКАКОНСТРУКЦІЙНИХМАТЕРІАЛІВ; доц.ФЕДОРОВАО.В.
312; 2016.09.14; 1; СОЦІОЛОГІЯ; доц.ДОЛГОЛЕНКОІ.А.
312; 2016.09.14; 2; ОПІРМАТЕРІАЛІВ; доц.ФЕДОРОВАО.В.
312; 2016.09.14; 3; УКРАЇНСЬКАМОВАЗАПРОФЕСІЙНИМСПРЯМУВАННЯМ; доц.ДЕЛЮСТОМ.С.
312; 2016.09.15; 1; ТЕХНОЛОГІЧНИЙПРАКТИКУМ; доц.БУКАТОВАО.М.
312; 2016.09.15; 2; ТЕХНОЛОГІЧНИЙПРАКТИКУМ; доц.БУКАТОВАО.М.
312; 2016.09.15; 3; ОСНОВИПРОЕКТУВАННЯ,МОДЕЛЮВАННЯІДИЗАЙНУ; доц.БУКАТОВАО.М.
312; 2016.09.15; 5; СПЕЦІАЛЬНАМЕДИЧНАГРУПА; доц.СМАКУЛАО.І.
312; 2016.09.16; 1; СОЦІОЛОГІЯ; доц.ДОЛГОЛЕНКОІ.А.
312; 2016.09.16; 2; ТЕХНОЛОГІЯВИРОБНИЦТВАТАОБРОБКАКОНСТРУКЦІЙНИХМАТЕРІАЛІВ; доц.ФЕДОРОВАО.В.
312; 2016.09.16; 3; ЕРГОНОМІКА; доц.БУКАТОВАО.М.
312; 2016.09.16; 4; ФІЗИЧНАКУЛЬТУРАТАОСНОВИЗДОРОВ`ЯЛЮДИНИ; викл.БОЧАРОВАТ.В.,ВИКЛ.ДОЛЖЕНКОІ.В.
321; 2016.09.12; 1; ЕКОНОМІЧНАТЕОРІЯ(+ФУФСН); доц.КРИВОРАКА.Д.
321; 2016.09.12; 2; ПРАК.КУРСАМ; доц.ШИЛЯЄВАТ.В.
321; 2016.09.12; 3; ФІЗИЧНАКУЛЬТУРАТАОСНОВИЗДОРОВ`ЯЛЮДИНИ; викл.БОЧАРОВАТ.В.,ВИКЛ.ДОЛЖЕНКОІ.В.
321; 2016.09.12; 5; СПЕЦІАЛЬНАМЕДИЧНАГРУПА; доц.СМАКУЛАО.І.
321; 2016.09.13; 2; ПРОГРАМУВАННЯ; викл.КОВАЛЕНКОО.В.
321; 2016.09.13; 3; ТЕОРІЯЙМОВІРНОСТІТАМАТ.СТАТИСТИКА(+4К); доц.ІВЛІЄВАО.М.
321; 2016.09.14; 1; СОЦІОЛОГІЯ; доц.ДОЛГОЛЕНКОІ.А.
321; 2016.09.14; 3; УКРАЇНСЬКАМОВАЗАПРОФЕСІЙНИМСПРЯМУВАННЯМ; доц.ДЕЛЮСТОМ.С.
321; 2016.09.15; 3; ТЕОРІЯЙМОВІРНОСТІТАМАТ.СТАТИСТИКА(+4К); доц.ІВЛІЄВАО.М.
321; 2016.09.15; 5; СПЕЦІАЛЬНАМЕДИЧНАГРУПА; доц.СМАКУЛАО.І.
321; 2016.09.16; 1; СОЦІОЛОГІЯ; доц.ДОЛГОЛЕНКОІ.А.
321; 2016.09.16; 4; ФІЗИЧНАКУЛЬТУРАТАОСНОВИЗДОРОВ`ЯЛЮДИНИ; викл.БОЧАРОВАТ.В.,ВИКЛ.ДОЛЖЕНКОІ.В.
322; 2016.09.12; 1; ЕКОНОМІЧНАТЕОРІЯ(+ФУФСН); доц.КРИВОРАКА.Д.
322; 2016.09.12; 2; КОМП.ТЕХНОЛОГІЇВТЕСТУВАННЯ; викл.КОВАЛЕНКОО.В.
322; 2016.09.12; 3; ФІЗИЧНАКУЛЬТУРАТАОСНОВИЗДОРОВ`ЯЛЮДИНИ; викл.БОЧАРОВАТ.В.,ВИКЛ.ДОЛЖЕНКОІ.В.
322; 2016.09.12; 5; СПЕЦІАЛЬНАМЕДИЧНАГРУПА; доц.СМАКУЛАО.І.
322; 2016.09.13; 2; ПРОГРАМУВАННЯ; викл.КОВАЛЕНКОО.В.
322; 2016.09.13; 3; ТЕОРІЯЙМОВІРНОСТІТАМАТ.СТАТИСТИКА(+4К); доц.ІВЛІЄВАО.М.
322; 2016.09.14; 1; СОЦІОЛОГІЯ; доц.ДОЛГОЛЕНКОІ.А.
322; 2016.09.14; 2; ТЕСТОВІМОДЕЛІТАТЕХН.ЇХКОНСТРУЮВАННЯ; доц.ІВЛІЄВАО.М.
322; 2016.09.14; 3; УКРАЇНСЬКАМОВАЗАПРОФЕСІЙНИМСПРЯМУВАННЯМ; доц.ДЕЛЮСТОМ.С.
322; 2016.09.15; 1; ТЕСТОВІМОДЕЛІТАТЕХН.ЇХКОНСТРУЮВАННЯ; доц.ІВЛІЄВАО.М.
322; 2016.09.15; 2; МОДЕЛЮВАННЯТАПАРАМЕТРИЗАЦІЯТЕСТІВ; доц.ІВЛІЄВАО.М.
322; 2016.09.15; 3; ТЕОРІЯЙМОВІРНОСТІТАМАТ.СТАТИСТИКА(+4К); доц.ІВЛІЄВАО.М.
322; 2016.09.15; 5; СПЕЦІАЛЬНАМЕДИЧНАГРУПА; доц.СМАКУЛАО.І.
322; 2016.09.16; 1; СОЦІОЛОГІЯ; доц.ДОЛГОЛЕНКОІ.А.
322; 2016.09.16; 4; ФІЗИЧНАКУЛЬТУРАТАОСНОВИЗДОРОВ`ЯЛЮДИНИ; викл.БОЧАРОВАТ.В.,ВИКЛ.ДОЛЖЕНКОІ.В.
511; 2016.09.12; 1; ОХОРОНАПРАЦІВГАЛУЗІ(+ФУФСН); доц.БУКАТОВАО.М.
511; 2016.09.12; 2; АВТОМАТИЗАЦІЯТЕХНОЛОГІЧНИХПРОЦЕСІВ; доц.ФЕДОРОВАО.В.
511; 2016.09.12; 3; ТЕОРІЯТАМЕТОДИКАПРОФІЛЬНОГОНАВЧАННЯ; викл.ДРАГІЄВАЛ.В.
511; 2016.09.12; 4; ІНТЕЛЕКТУАЛЬНАВЛАСНІСТЬ(+ФУФСН+ІНФАК); доц.ОВЧАТОВА-РЕДЬКОА.О.
511; 2016.09.13; 1; АВТОМАТИЗАЦІЯТЕХНОЛОГІЧНИХПРОЦЕСІВ; доц.ФЕДОРОВАО.В.
511; 2016.09.13; 2; ТЕОРІЯТАМЕТОДИКАПРОФІЛЬНОГОНАВЧАННЯ; викл.ДРАГІЄВАЛ.В.
511; 2016.09.13; 4; ОХОРОНАПРАЦІВГАЛУЗІ(+ФУФСН); доц.БУКАТОВАО.М.
511; 2016.09.14; 2; ДЕКОРАТИВНО-УЖИТКОВЕМИСТЕЦТВОЗМЕТОДИКОЮНАВЧАННЯ; викл.ДРАГІЄВАЛ.В.
511; 2016.09.14; 3; ТЕОРІЯТАМЕТОДИКАПРОФІЛЬНОГОНАВЧАННЯ; викл.ДРАГІЄВАЛ.В.
511; 2016.09.16; 1; ТЕОРІЯТАМЕТОДИКАПРОФІЛЬНОГОНАВЧАННЯ; викл.ДРАГІЄВАЛ.В.
511; 2016.09.16; 2; ДЕКОРАТИВНО-УЖИТКОВЕМИСТЕЦТВОЗМЕТОДИКОЮНАВЧАННЯ; викл.ДРАГІЄВАЛ.В.
512; 2016.09.12; 1; ОХОРОНАПРАЦІВГАЛУЗІ(+ФУФСН); доц.БУКАТОВАО.М.
512; 2016.09.12; 2; АВТОМАТИЗАЦІЯТЕХНОЛОГІЧНИХПРОЦЕСІВ; доц.ФЕДОРОВАО.В.
512; 2016.09.12; 3; ТЕОРІЯТАМЕТОДИКАПРОФІЛЬНОГОНАВЧАННЯ; викл.ДРАГІЄВАЛ.В.
512; 2016.09.12; 4; ІНТЕЛЕКТУАЛЬНАВЛАСНІСТЬ(+ФУФСН+ІНФАК); доц.ОВЧАТОВА-РЕДЬКОА.О.
512; 2016.09.13; 1; АВТОМАТИЗАЦІЯТЕХНОЛОГІЧНИХПРОЦЕСІВ; доц.ФЕДОРОВАО.В.
512; 2016.09.13; 2; ТЕОРІЯТАМЕТОДИКАПРОФІЛЬНОГОНАВЧАННЯ; викл.ДРАГІЄВАЛ.В.
512; 2016.09.13; 3; ІННОВАЦІЙНІТЕХНОЛОГІЇНАВЧАННЯІНФОРМАТИКИ(+ПЕДФАК); доц.МІЗЮКВ.А.
512; 2016.09.13; 4; ОХОРОНАПРАЦІВГАЛУЗІ(+ФУФСН); доц.БУКАТОВАО.М.
512; 2016.09.14; 2; ДЕКОРАТИВНО-УЖИТКОВЕМИСТЕЦТВОЗМЕТОДИКОЮНАВЧАННЯ; викл.ДРАГІЄВАЛ.В.
512; 2016.09.14; 3; ТЕОРІЯТАМЕТОДИКАПРОФІЛЬНОГОНАВЧАННЯ; викл.ДРАГІЄВАЛ.В.
512; 2016.09.15; 3; ІННОВАЦІЙНІТЕХНОЛОГІЇНАВЧАННЯІНФОРМАТИКИ(+ПЕДФАК); доц.МІЗЮКВ.А.
512; 2016.09.15; 5; СУЧАСНІМОВИПРОГРАМУВАННЯ; викл.ДУЩЕНКОО.С.
512; 2016.09.16; 1; ТЕОРІЯТАМЕТОДИКАПРОФІЛЬНОГОНАВЧАННЯ; викл.ДРАГІЄВАЛ.В.
512; 2016.09.16; 2; ДЕКОРАТИВНО-УЖИТКОВЕМИСТЕЦТВОЗМЕТОДИКОЮНАВЧАННЯ; викл.ДРАГІЄВАЛ.В.
512; 2016.09.16; 3; СУЧАСНІМОВИПРОГРАМУВАННЯ; викл.КОВАЛЕНКОО.В.
